"","query","superkingdom","kingdom","phylum","subphylum","superclass","class","subclass","infraclass","cohort","subcohort","superorder","order","suborder","infraorder","parvorder","superfamily","family","subfamily","tribe","genus","subgenus","species","seq","seqlen"
"OTU00001","OTU00001","Eukaryota","Metazoa","Chordata","Craniata","Actinopterygii","Actinopteri","Neopterygii","Teleostei","Euteleosteomorpha","","","Mugiliformes","","","","","Mugilidae","","","Chelon","","","CACCGCGGTTAGACGAGAGGCCCAAGTTGACAGCCCCCGGCGTAAAGCGTGGTTAAGTTAACCCCAACATGACTAAAGCCGAACGCCTCCAATACTGTTATACGCATTCGGAGGTATGAAGCTCAACTACGAAAGTGGCTTTAAAATACCTGACCCCACGAAAGCTGTGAAA","172"
"OTU00002","OTU00002","Eukaryota","Metazoa","Chordata","Craniata","Actinopterygii","Actinopteri","Neopterygii","Teleostei","Euteleosteomorpha","","","Mugiliformes","","","","","Mugilidae","","","Chelon","","","CACCGCGGTTATACGAGAGGCCCAAGCTGACAGCCCCCGGCGTAAAGAGTGGTTAAGTTAACCCCAACGTGACTAAAGTCGAACGCCCCCAAGACCGTTATACGTGCTCGGAGGTATGAAGCCCAACTACGAAAGTGGCTTTAAGATACCTGACCCCACGAAAGCTGTGAAA","172"
"OTU00003","OTU00003","Eukaryota","Metazoa","Chordata","Craniata","Actinopterygii","Actinopteri","Neopterygii","Teleostei","Euteleosteomorpha","","","Centrarchiformes","","","","Terapontoidei","Terapontidae","","","Terapon","","Terapon jarbua","CACCGCGGTTATACGAGAGGCCCAAGTTGATAGACTACGGCGTAAAGCGTGGTTAAGAAACACATTAAACTAAAGCCGAATGCCCTCAGAGCTGTTATACGCTCACGATGGTCAGAAGCCCAATCACGAAAGTAGCTTTACTTAACCTGAAGCCACGAAAGCTATGACA","169"
"OTU00004","OTU00004","Eukaryota","Metazoa","Chordata","Craniata","Actinopterygii","Actinopteri","Neopterygii","Teleostei","Euteleosteomorpha","","","Gobiiformes","Gobioidei","","","","Gobiidae","Gobiinae","","Favonigobius","","","CACCGCGGTTATACGAGAGGCCCAAGTTGACAGACACCGGCGTAAAGAGTGGTTAATAAAATTTAAACTAAAGCCGAACACCTTCAAGACCGTCATACGTACCCGAAGACAGGAAGACCCCCAACGAAAGTGGCTTTAACATAATATGAACCCACGAAAGCTAAGACA","168"
"OTU00005","OTU00005","Eukaryota","Metazoa","Chordata","Craniata","Actinopterygii","Actinopteri","Neopterygii","Teleostei","Euteleosteomorpha","","","Gerreiformes","","","","","Gerreidae","","","Gerres","","","CACCGCGGTTATACGAGAGGCCCAAGTTGACAGCTTCCGGCGTAAAGCGTGGTTAAGGTGAACCCAGACTAAAGTCGAACTCCTTCAAGGCCGTTTAACGTGTTCGAAACGGAGAAGCTCAACTACGAAAGTGACTTTACAAACCTGATCCCACGAAAGCTATGGCA","167"
"OTU00006","OTU00006","Eukaryota","Metazoa","Chordata","Craniata","Actinopterygii","Actinopteri","Neopterygii","Teleostei","Otomorpha","Clupei","","Clupeiformes","Clupeoidei","","","","Clupeidae","","","","","","CACCGCGGTTATACGAGGGGCTCTAGTTGACACTGCCGGCGTAAAGCGTGGTTATGGGAAACTTATACTAAAGCTGAAGACTTCTTAGACTGTTATACGTACCTAGAAGCTCGAACACCTAAAACGAAAGTAGCTTTACCTTATACCACCAGAACCCACGACAGCCAGGGCA","172"
"OTU00007","OTU00007","Eukaryota","Metazoa","Chordata","Craniata","Sarcopterygii","Mammalia","","","","","Laurasiatheria","Carnivora","Feliformia","","","","Viverridae","Viverrinae","","Genetta","","","CACCGCGGTCATACGATTAACCCAAACTAATGGCCCTACGGCGTAAAGCGTGTTACAGAAAATATCTTTATGCTAAAGTTAAATTTTAACTAGGCTGTAAAAAGCTACAGTTATTGTGAAAATACAACACGAAAGTAACTTTAACATCTCCGACTACACGATAGCTAAGACC","172"
"OTU00008","OTU00008","Eukaryota","Metazoa","Chordata","Craniata","Sarcopterygii","Mammalia","","","","","Laurasiatheria","Artiodactyla","Ruminantia","Pecora","","","Bovidae","Bovinae","","Bos","","Bos taurus","CACCGCGGTCATACGATTAACCCAAGCTAACAGGAGTACGGCGTAAAACGTGTTAAAGCACCATACCAAATAGGGTTAAATTCTAACTAAGCTGTAAAAAGCCATGATTAAAATAAAAATAAATGACGAAAGTGACCCTACAATAGCCGACGCACTATAGCTAAGACC","168"
"OTU00009","OTU00009","Eukaryota","Metazoa","Chordata","Craniata","Actinopterygii","Actinopteri","Neopterygii","Teleostei","Euteleosteomorpha","","","Mugiliformes","","","","","Mugilidae","","","Chelon","","","CACCGCGGTTATACGAGAGGCCCAAGCTGACAGCCCCCGGCGTAAGGAGTGGTTAAGTTAACCCCAACGTGACTAAAGTCGAACGCCCCCAAGACCGTTATACGTGTTCGGGGGTATGAAGCCCAACTACGAAAGTGGCTTTAAAATACCTGACCCCACGAAAGCTGTGAAA","172"
"OTU00010","OTU00010","Eukaryota","Metazoa","Chordata","Craniata","Actinopterygii","Actinopteri","Neopterygii","Teleostei","Euteleosteomorpha","","Cichlomorphae","Cichliformes","","","","","Cichlidae","Pseudocrenilabrinae","Oreochromini","Oreochromis","","","CACCGCGGTTATACGAGAGGCTCAAGTTGATAGACATCGGCGTAAAGAGTGGTTAGGAAGTCTTTTAAACTAAAGCCGAACACCCTCAGAACTGTTATACGTACCCGAGGGAAAGAAGCCCCACTACGAAAGTGGCTTTATATCTCCGACCCCACGAAAGCTGCGAAA","168"
"OTU00011","OTU00011","Eukaryota","Metazoa","Chordata","Craniata","Actinopterygii","Actinopteri","Neopterygii","Teleostei","Euteleosteomorpha","","","Mugiliformes","","","","","Mugilidae","","","Mugil","","","CACCGCGGTTATACGAGAGACCCAAGCTGATAGATGCCGGCGTAAAGAGTGGTTAAGTATCTTGATAGAACTAAAGCCGAACGCCCTCAAGACCGTTATACGTTTCCGAAGGTATGAAGCCCAACTACGAAAGTAACTTTAACTATATCTGACTCCACGAAAGCTGTGAAA","171"
"OTU00012","OTU00012","Eukaryota","Metazoa","Chordata","Craniata","Actinopterygii","Actinopteri","Neopterygii","Teleostei","Euteleosteomorpha","","","Spariformes","","","","","Sparidae","","","","","","CACCGCGGTTATACGGGAGGCCCAAGTTGTTAGAAGTCGGCGTAAAGGGTGGTTAAGAACAAGCTTAAAATTAAAGCCGAACACCTTCCGGGCCGTTATACGCATCCGAAGGCAAGAAGCTCAATTACGAAAGTAGCTTTATATTTTCTGAACCCACGAAAGCCAAGGTA","170"
"OTU00013","OTU00013","Eukaryota","Metazoa","Chordata","Craniata","Actinopterygii","Actinopteri","Neopterygii","Teleostei","Euteleosteomorpha","","","Spariformes","","","","","Sparidae","","","","","","CACCGCGGTTAAACGGGTGGCCCAAGTTGTTAGAAGTCGGCGTAAAGGGTGGTTAAGAGCAAGCTTAAAATTAAAGCCGAACACCTTTCAAGCTGTCATACGCGTCCGAAGGCAAGAAGCTCAATTACGAAAGTAGCTTTATATTTTCTGAACCCACGAAAGCTAAGGCA","170"
"OTU00014","OTU00014","Eukaryota","Metazoa","Chordata","Craniata","Actinopterygii","Actinopteri","Neopterygii","Teleostei","Euteleosteomorpha","","","Mugiliformes","","","","","Mugilidae","","","","","","CACCGCGGTTATACGAGAGGCCCAAGTTGACAGCCATCGGCGTAAAGAGTGGTTAAGTTAACCCCAATATAACTAAAGTCGAACGCCCCCAAGACCGTAGTACGTCCTTCGGAGGTATGAAGCCCAACTACGAAAGTGGCTTTAAAATGCCTGACCCCACGAAAGCTGTGAAA","173"
"OTU00015","OTU00015","Eukaryota","Metazoa","Chordata","Craniata","Actinopterygii","Actinopteri","Neopterygii","Teleostei","Euteleosteomorpha","","","Mugiliformes","","","","","Mugilidae","","","Planiliza","","","CACCGCGGTTATACGAGAGGTCCAAGCTGACAGCCATCGGCGTAAAGAGTGGTTAAGTTACCCCAATACAACTAAAGTCGAACGCCCCCAAGACCGTTATACGCGCTCGGAGGTATGAAGCCCAACTACGAAAGTGGCTTTAAATTTTCTGACCCCACGAAAGCTGTGAAA","171"
"OTU00016","OTU00016","Eukaryota","Metazoa","Chordata","Craniata","Actinopterygii","Actinopteri","Neopterygii","Teleostei","Euteleosteomorpha","","","","","","","","Ambassidae","","","Ambassis","","","CACCGCGGTTATACGGGCGACTCAAGTTGACAAACATCGGCGTAAAGCGTGGTTAAGAAAATCTTTTACTAAAGCCAAATACTCTCCTAACTGTTATACGCCCTCGAGAGTAAGAAGCCCAATTACGAAAGTAGCTTTACCCTTTCTGACCCCACGAAAGCTGTGAAA","168"
"OTU00017","OTU00017","Eukaryota","Metazoa","Chordata","Craniata","Actinopterygii","Actinopteri","Neopterygii","Teleostei","Euteleosteomorpha","","","","","","","","","","","","","","CACCGCGGTTATACGAGAGGCCCAAGTTGACAAAGATCGGCGTAAAGGGTGGTTAGTGAAATAAGTACTAAAGCCAAACACCTTCAAGGCTGTTTATACGCATCCGAAGGCAGGAAGAACTTTGACGAAAGTGGCTTTAACAACCATGACCCCACGAAAGCTAGGGAA","168"
"OTU00018","OTU00018","Eukaryota","Metazoa","Chordata","Craniata","Actinopterygii","Actinopteri","Neopterygii","Teleostei","Euteleosteomorpha","","","Spariformes","","","","","Sparidae","","","Acanthopagrus","","","CACCGCGGTTATACGGGAGGCCCAAGTTGTTAGAAATCGGCGTAAAGGGTGGTTAAGAATAAGATTAAAATTAAAGCCGAACATCTTCCGAGCTGTTATACGCATCCGAAGGTGAGAAGCTCAACTGCGAAAGTTGCTTTATACTTCTGACTCCACGAGAGCTGAGATA","169"
"OTU00019","OTU00019","Eukaryota","Metazoa","Chordata","Craniata","Actinopterygii","Actinopteri","Neopterygii","Teleostei","Euteleosteomorpha","","Atherinomorphae","Atheriniformes","","","","","Atherinidae","Atherininae","","Atherinomorus","","","CACCGCGGTTATACGAGAGGTCCAAGTTGATAGCCATCGGCGTAAAGAGTGGTTAAGAGAAAACCAAAACTAAAGCTGAACACTCTCAAAACTGTTATACGTTCCCGAGAGCCAGAAGCCCTTCTACGAAAGTGGCTTTAACCCTTCTGAACCCACGAAAGCTAGGGAA","169"
"OTU00020","OTU00020","Eukaryota","Metazoa","Chordata","Craniata","Actinopterygii","Actinopteri","Neopterygii","Teleostei","Euteleosteomorpha","","","","","","","","","","","","","","CACCGCGGTTATACGAGGGGCCCAAGTTGACAAAAATCGGCGTAAAGGGTGGTTAGTGAAATATAAACTAAAGCCGAACGCCTTCAAAGCCGTTTACACGCACCCGAGGGACTGAAGAACTTCGACGAAAGTGGCTTTAATGGTCATGACCCCACGAAAGCTAGGAAA","168"
"OTU00021","OTU00021","Eukaryota","Metazoa","Chordata","Craniata","Actinopterygii","Actinopteri","Neopterygii","Teleostei","Euteleosteomorpha","","","Labriformes","","","","","Labridae","","","Scarus","","","CACCGCGGTTATACGAAAGGCCCAAGTTGAAAAACATTCGGCGTAAAGGGTGGCTAAGGATCTATTTTAAACTAGAGCTGAATTTCTTCAAAGCTGTTATACGCTCATGAAAGCTAGAAAATCAACCACGAAAGTGGCTCTAATCCCTCCTGACACCACGAAAGCTATGACA","172"
"OTU00022","OTU00022","Eukaryota","Metazoa","Chordata","Craniata","Actinopterygii","Actinopteri","Neopterygii","Teleostei","Euteleosteomorpha","","Atherinomorphae","Atheriniformes","","","","","Atherinidae","Atherininae","","Atherina","","","TACCGCGGTTATACGAGAGGCCCAAGTTGATACCCGCCGGCGTAAAGAGTGGTTAAGAAAATCTAAAACTAAAGCCGAACACTCTCAAGGCTGTTATACGCACCCGAGAGCAAGAAGCCCCCTCACGAAAGTAGCTTTAATCTTTCTGACTCCACGAAAGCTGAGGAA","168"
"OTU00023","OTU00023","Eukaryota","Metazoa","Chordata","Craniata","Actinopterygii","Actinopteri","Neopterygii","Teleostei","Euteleosteomorpha","","","Gerreiformes","","","","","Gerreidae","","","Gerres","","","CACCGCGGTTATACGAGAGGCCCAAGTTGATAGCTATCGGCGTAAAGCGTGGTTAAGGTGCAATTAAAAACTAAAGTCGAACTCCTTCAAGGCCGTTTAAAGTGTTCGAAACGGAGAAGCACAACTACGAAAGTGACTTTATTAACCTGACCCCACGAAAGCTATGGTA","169"
"OTU00024","OTU00024","Eukaryota","Metazoa","Chordata","Craniata","Actinopterygii","Actinopteri","Neopterygii","Teleostei","Euteleosteomorpha","","","","","","","","","","","","","","CACCGCGGTTATACGAGAGACCCAAGTTGATAGACATCGGCGTAAAGAGTGGTTAAGACAGATTTGACACTAAAGCCGAACGCCCTCAAAGCTGTTATACGCACCCGAGGGTAAGAAGTTCAACTACGAAAGTGGCTTTATTACATCTGAATCCACGAAAGCTATGACA","169"
"OTU00025","OTU00025","Eukaryota","Metazoa","Chordata","Craniata","Actinopterygii","Actinopteri","Neopterygii","Teleostei","Euteleosteomorpha","","","","","","","","Sillaginidae","","","Sillago","","","CACCGCGGTTATACGAGAGGCCCAAGTTGATAGTCACCGGCGTAAAGCGTGGTTAAGGACAAAGAAACTAAAGCCGAATACCCCCCCAGCTGTTATACGCCCGCGGGGAATTAGAAGCACAATCACGAAAGTAGCTTTATCACACCTGAATCCACGAAAGCTAAGGCA","168"
"OTU00026","OTU00026","Eukaryota","Metazoa","Chordata","Craniata","Actinopterygii","Actinopteri","Neopterygii","Teleostei","Euteleosteomorpha","","","Mugiliformes","","","","","Mugilidae","","","","","","CACCGCGGTTATACGAGAGACCCAAGTTGATAGCCATCGGCGTAAAGAGTGGTTAAGTTAGCCCTAATAACACTAAAGCCGAACGCCCCCAAAACCGTTATACGTACTCGGAGGTATGAAGCCCAACTACGAAAGTGGCTTTAAAATACCCGACCCCACGAAAGCTGTGAAA","172"
"OTU00027","OTU00027","Eukaryota","Metazoa","Chordata","Craniata","Actinopterygii","Actinopteri","Neopterygii","Teleostei","","","","Anguilliformes","","","","","Ophichthidae","Ophichthinae","","","","","CACCGCGGTTATACGAAGAGGCTCAAATTGATATTCCACGGCGTAAAGCGTGATTAGAGAAAATAAAAACTAAAGCCGAACACCTCCACAGCTGTCATAAGCCTAAAGAGATACGAAGCCCCCTAACGAAAGTAGCTTTAAACTTTAATCTTGAATTCACGAAAATTAAGGAA","173"
"OTU00028","OTU00028","Eukaryota","Metazoa","Chordata","Craniata","Actinopterygii","Actinopteri","Neopterygii","Teleostei","Euteleosteomorpha","","","","","","","","","","","","","","CACCGCGGTTATACGAGAGGCCCGAGCTGACAGTCACCGGCGTAAAGAGTGGTTAAGATTGACTTTAAACTAAAGCCGAAGGCCCTCCAAGCTGTTATACGCTAATGAGGGACATAAGCCCAACTACGAAAGTGGCTTTACAACATCTGAACCCACGAAAGCTAAGGTA","169"
"OTU00029","OTU00029","Eukaryota","Metazoa","Chordata","Craniata","Actinopterygii","Actinopteri","Neopterygii","Teleostei","Euteleosteomorpha","","","Gobiiformes","Gobioidei","","","","Gobiidae","Gobionellinae","","Gnatholepis","","","CACCGCGGTTATACGAGAGGCCCGAGTTGACAGATACCGGCGTAAAATGTGGTTATTACAGTATTTCACTAAAGCTAAACATCTTCAAAGCTGTTATATGCTATCGAAGACAGGAAAATCTCCCACGAAAGTGGCTTTAACATCTATGTACCACGAAAGCTAGGGAA","167"
"OTU00030","OTU00030","Eukaryota","Metazoa","Chordata","Craniata","Actinopterygii","Actinopteri","Neopterygii","Teleostei","Euteleosteomorpha","","","Chaetodontiformes","","","","","Leiognathidae","","","","","","CACCGCGGTTATACGAGAGGCCCAAATTGATAGTACCCGGCATAAAGCGTGGTAAAGAATAAAAACAATAAGGCCGAACCCTTTCAAGGCTGTTATACGCAACCGAAAAAAAGAAGACCAACAACGAAAGTGGCCTTACCACACCTGAACCCACGAAAGCTGGGAAA","167"
"OTU00031","OTU00031","Eukaryota","Metazoa","Chordata","Craniata","Actinopterygii","Actinopteri","Neopterygii","Teleostei","Euteleosteomorpha","","","Lutjaniformes","","","","","Lutjanidae","Lutjaninae","","Lutjanus","","","CACCGCGGTTATACGAGAGACCCAAGTTGTTAGACATCGGCGTAAAGAGTGGTTAAGATTTATATAGGACTAAAGCCGAACGCCCTCAAAGCCGTTATACGCATCCGAAGGTAAGAAGCCCAACAACGAAAGTGGCTTTATGTTATCCGAATCCACGAAAGCTATGACA","169"
"OTU00032","OTU00032","Eukaryota","Metazoa","Chordata","Craniata","Actinopterygii","Actinopteri","Neopterygii","Teleostei","Euteleosteomorpha","","","Lutjaniformes","","","","","Lutjanidae","Lutjaninae","","Lutjanus","","Lutjanus argentimaculatus","CACCGCGGTTATACGAGAGACCCAAGTTGATAGACACCGGCGTAAAGAGTGGTTAAGATCTATTCAACACTAAAGCCGAACGCCCTCAGAGCTGTTATACGCACCCGAGGGTAAGAAGCCCAACCACGAAAGTGGCTTTAAACTATCCGAATCCACGAAAGCTATGACA","169"
"OTU00033","OTU00033","Eukaryota","Metazoa","Chordata","Craniata","Actinopterygii","Actinopteri","Neopterygii","Teleostei","Euteleosteomorpha","","","Gobiiformes","","","","","","","","","","","CACCGCGGTTATACGAGGGGCCCAAGTTGATAGAACTCGGCGTAAAGGGTGGTTAATTAATTAGAAACTAAAGCCGAACACCTTCAAAGCCGTTATACGTACTTGAAGACAGGAAGATCTTTGACGAAAGTGGCTTTAACTTATATGAACCCACGTAAGCTAGGGAA","167"
"OTU00034","OTU00034","Eukaryota","Metazoa","Chordata","Craniata","Actinopterygii","Actinopteri","Neopterygii","Teleostei","Euteleosteomorpha","","","Gobiiformes","Gobioidei","","","","Gobiidae","Gobiinae","","Favonigobius","","","CACCGCGGTTATACGAGAGGCCCAAGTTGACAAACACCGGCGTAAAGAGTGGTTAATAAAAAATGAACTAAGGCTAAACACCTTCAAAGCCGTCATACGCTCCCGAAGGCAGGAAGTCCCCCGACGAAAGTGGCCTTAACAAGTTATGAACCCACGAAAGCTAGGACA","168"
"OTU00035","OTU00035","Eukaryota","Metazoa","Chordata","Craniata","Actinopterygii","Actinopteri","Neopterygii","Teleostei","Euteleosteomorpha","","","Gobiiformes","Eleotroidei","","","","Eleotridae","Eleotrinae","","Eleotris","","","CGCCGCGGTTATACGAGGGGCTCAAGTTGATAGCCCTCGGCGTAAAGAGTGGTTAAGAAACATTACACTAGGGCCAAACACCTTCATAGCTGTCATACGCACTTGAAGATAGGAAGACCTTCTACGAAAGTGGCTTTAAAAACTCTGAACCCACGAAAGCTAGGACA","167"
"OTU00036","OTU00036","Eukaryota","Metazoa","Chordata","Craniata","Actinopterygii","Actinopteri","Neopterygii","Teleostei","Euteleosteomorpha","","","","","","","","","","","","","","CACCGCGGTTATACGAGTAGGCTCAAGCTGATAGAACTCGGCGCAAAGAGTGGTTAACAAAACAACAACTAAAACTGAACACCTTCAAGACTGTTATACGTATCCGAAGGATGGAAACACCCCCACGAAAGTGGTTTTAATAGATGTGACTCCACGAAAGCTAGGGAA","168"
"OTU00037","OTU00037","Eukaryota","Metazoa","Chordata","Craniata","Actinopterygii","Actinopteri","Neopterygii","Teleostei","Euteleosteomorpha","","","Centrarchiformes","","","","Terapontoidei","Kyphosidae","Kyphosinae","","Kyphosus","","","CACCGCGGTTATACGAGAGGCCCAAGTTGATAGACTCCGGCGTAAAGAGTGGTTAAGACACATCTACTAAAACTAAAGCCGAACGCCCTCAGGGCTGTTATACGCTCCCGAAGGTAAGAAGTTCAATCACGAAAGTGGCTTTATATCAGCTGAACCCACGAAAGCTATGACA","172"
"OTU00038","OTU00038","Eukaryota","Metazoa","Chordata","Craniata","","Chondrichthyes","Elasmobranchii","","","","Batoidea","Myliobatiformes","","","","Dasyatoidea","Dasyatidae","","","","","","CACCGCGGTTATACGAGTGACACAAACTAATACTCCACGGCGTTAAGGGTGATTAAAACAAATCTTACTAAAAATAAAGTTAAGACAACATCAAACTGTCATACGTTCTCATGTTTAAAAACATCACTTACGAAAGTAACTTTATACAAAAAAGAGTTTTTGACCTCACGACAGTTAAGACC","182"
"OTU00039","OTU00039","Eukaryota","Metazoa","Chordata","Craniata","Sarcopterygii","Mammalia","","","","","Laurasiatheria","Artiodactyla","Suina","","","","Suidae","","","Sus","","Sus scrofa","CACCGCGGTCATACGATTAACCCAAATTAATAGATCCACGGCGTAAAGAGTGTTTAAGAAAAAAAACCACAATAGAGTTAAATTATAACTAAGCTGTAAAAAGCCCTAGTTAAAATAAAATAACCCACGAAAGTGACTCTAATAATCCTGACACACGATAGCTAGGACC","169"
"OTU00040","OTU00040","Eukaryota","Metazoa","Chordata","Craniata","Actinopterygii","Actinopteri","Neopterygii","Teleostei","Euteleosteomorpha","","","Mugiliformes","","","","","Mugilidae","","","","","","CACCGCGGTTATACGAGAGGCCCAAGTTGATAGCCTTCGGCGTAAAGAGTGGTTAAGTTAGCCTAAAACACTAAAGTCGAACGTCCCCAAGACCGTAATACGTGTTCGGGGACATGAAGCCCAACCACGAAGGTGACTTTAAAAACATCTGACTCCACGAAAGCTGAGAAA","171"
"OTU00041","OTU00041","","","","","","","","","","","","","","","","","","","","","","","CACCGCGGTCACACGATTAACCCAAGTCAATAGAAGCCGGCGTAAAGAGTGTTTTAGATCACCCCCTCCCCAATAAAGCTAAAACTCACCTGAGTTGTAAAAAACTCCAGTTGACACAAAATAGACTACGAAAGTGGCTTTAACATATCTGAACACACAATAGCTAAGACC","171"
"OTU00042","OTU00042","Eukaryota","Metazoa","Chordata","Craniata","Actinopterygii","Actinopteri","Neopterygii","Teleostei","Euteleosteomorpha","","Atherinomorphae","Atheriniformes","","","","","Atherinidae","Atherininae","","","","","CACCGCGGTTATACGAGAGGCCCAAGTTGACAGCCACCGGCGTAAAGAGTGGTTAAGAGATAATAAAAACTAAAGCCGAACTCTCTCAGGACTGTTATACGTGTCCGAGAGCAAGAAGCCCTCCTACGAAAGTGGCTTTAACTCTTCTGAACCCACGAAAGTTGGGAAA","169"
"OTU00043","OTU00043","Eukaryota","Metazoa","Chordata","Craniata","Actinopterygii","Actinopteri","Neopterygii","Teleostei","Euteleosteomorpha","","","Gobiiformes","Gobioidei","","","","Gobiidae","Gobiinae","","","","","CACCGCGGTTATACGAGAGGCCCAAGTTGACAAAAATCGGCGTAAAGGGTGGTTAGTGAAATTAATACTAGAGCCAAACACCTTCAAGGCTGTTTATACGCATCCGAAGGCAGGAAGAACTTCAACGAAAGTGGCTTTAACAACCATGACCCCACGAAAGCTAGGGCA","168"
"OTU00044","OTU00044","Eukaryota","Metazoa","Chordata","Craniata","Actinopterygii","Actinopteri","Neopterygii","Teleostei","Euteleosteomorpha","","","","","","","","","","","","","","CACCGCGGTTATACGGGTGACTCAAGTTGATAAACATCGGCGTAAAGTGTGGTTAAGAAATTCCCCAAACTAAAGCCAAACACCTTCCCCACTGTCATACGTACTCGAAGAAAAGAAGCCCCACCACGAAAGTAGCTTTACCCTTTCCGACCCCACGAAAGCTGTGAAA","169"
"OTU00045","OTU00045","Eukaryota","Metazoa","Chordata","Craniata","Actinopterygii","Actinopteri","Neopterygii","Teleostei","Euteleosteomorpha","","","Acanthuriformes","","","","","Acanthuridae","Acanthurinae","","","","","CACCGCGGTTATACGAGAGACCCAAGTTGACAGACAATCGGCGTAAAGAGTGGTTAAGTACTACACCCTACTAAAGCCAAACACCTTCAAAGCTGTTATACGCACCCGAAGGTTAGAAGCCCAATCACGAAAGTGGCTTTAAACTTACTGAACCCACGAAAGCTAGGGCA","170"
"OTU00046","OTU00046","Eukaryota","Metazoa","Chordata","Craniata","Actinopterygii","Actinopteri","Neopterygii","Teleostei","Euteleosteomorpha","","","Spariformes","","","","","Sparidae","","","Diplodus","","","CACCGCGGTTATACGGGAGGCCCAAGTTGTCAGAAGTCGGCGTAAAGGGTGGTTAAGAATAAGCCTAAAATTAAAGCCGAACATCTTCCGGGCTGTTATACGCATCCGAAGATAAGAAGCCCAACTACGAAAGTAGCTTTATGTCTTCTGAACCCACGAAAGCTAAGATA","170"
"OTU00047","OTU00047","Eukaryota","Metazoa","Chordata","Craniata","Actinopterygii","Actinopteri","Neopterygii","Teleostei","Euteleosteomorpha","","","Gobiiformes","Gobioidei","","","","Gobiidae","Gobionellinae","","","","","CACCGCGGTTATACGAGAGGCCCAAGTTGATATACCTCGGCATAAAAAGTGGTTAATATAGTGTTTTACTAAAGTTAAACATCTTCAAAGCAGTTATAAGCACCTGAAGACAGGAAAACCTTCCACGAAAGTGACTTTAAACAATGTAACCCCACGAAAGCTAGGAGA","168"
"OTU00048","OTU00048","Eukaryota","Metazoa","Chordata","Craniata","Actinopterygii","Actinopteri","Neopterygii","Teleostei","Euteleosteomorpha","","","Gobiiformes","Gobioidei","","","","Gobiidae","Gobionellinae","","","","","CACCGCGGTTATACGAGAGGCCCGAGTTGATAAATACCGGCGTAAAATGTGGTTATTACAGTATTGCACTAAAGTCAAACACCTCCAAAGCTGTTATATGCTATCGGAGACAGGAAGATCCCCCACGAAAGTGACTTTAAACACTATGTACCACGAAAGCTAGGAGA","167"
"OTU00049","OTU00049","Eukaryota","Metazoa","Chordata","Craniata","Actinopterygii","Actinopteri","Neopterygii","Teleostei","Euteleosteomorpha","","","Gobiiformes","Eleotroidei","","","","Eleotridae","Butinae","","Ophiocara","","Ophiocara porocephala","CACCGCGGTTATACGAGAGGCCCAAGTTGATAGCCACCGGCGTAAAGAGTGGTTAATAAACTCCAAATACTAAGGCCGAACATCTTCAAAGCTGTTATACGCAACCGAAGACAGGAAGACCCCCCACGAAAGTGGCTTTAAACCTTATGACCCCACGAAAGCTAGGATA","169"
"OTU00050","OTU00050","Eukaryota","Metazoa","Chordata","Craniata","Actinopterygii","Actinopteri","Neopterygii","Teleostei","Euteleosteomorpha","","","Syngnathiformes","Syngnathoidei","","","","Syngnathidae","Syngnathinae","","Hippichthys","","","CACCGCGGTTATACGAGAGGCTCAAAATGATAAGCACCGGCGTAAAGGGTGGTTAAAAATTCAATAACTAAAGTTGAACATTTTCTTAGCTGTTATACGCAATCGAAAAAATGAAAACTAATCACGAAAGTAACTTTAAATATTTGACCCCACATAAGCTACTAAA","166"
"OTU00051","OTU00051","Eukaryota","Metazoa","Chordata","Craniata","Actinopterygii","Actinopteri","Neopterygii","Teleostei","Euteleosteomorpha","","","","","","","","","","","","","","CACCGCGGTTATACGAGAGGCCCAAGCTGATAGACCTTCGGCGTAAAGGGTGGTTAAAGACAAGACTGACTAAAGCCGAATGTCTTCAATGCTGTTATACGCTGTTGAAGACTAGAAGCCCAATCACGAAAGTGGCTTTAATGACTTGAATCCACGAAAGCTAGGAAA","168"
"OTU00052","OTU00052","Eukaryota","Metazoa","Chordata","Craniata","Actinopterygii","Actinopteri","Neopterygii","Teleostei","","","","Anguilliformes","","","","","Anguillidae","","","Anguilla","","Anguilla mossambica","CACCGCGGTTATACGGGGGGCTCAAATTGATATTACACGGCGTAAAGCGTGATTAAAAAATAAACAAACTAAAGCCAAACACCTCTCAAGATGTCATACTCTACCTGATAAAACGAAGCCCAACAACGAAAGTAGCTTTAACACTTTTGAATTCACGACAGTTGAGAAA","169"
"OTU00053","OTU00053","Eukaryota","Metazoa","Chordata","Craniata","Actinopterygii","Actinopteri","Neopterygii","Teleostei","Euteleosteomorpha","","Atherinomorphae","Atheriniformes","","","","","Atherinidae","Atherininae","","Atherinomorus","","","CACCGCGGTTATACGAGAGGTCCAAGTTGATAGCCATCGGCGTAAAGAGTGGTTAAGAGAAAACCAAAACTAAAGCTGAACACTCTCAAAACTGTTATACGTTCCCGAGAGCATGAAGCCCCCCTACGAAAGTGGCTTTAACCCTTCTGAATCCACGAAAGCTAGGAAA","169"
"OTU00054","OTU00054","Eukaryota","Metazoa","Chordata","Craniata","Actinopterygii","Actinopteri","Neopterygii","Teleostei","Euteleosteomorpha","","","Tetraodontiformes","Tetraodontoidei","","","Tetradontoidea","Tetraodontidae","","","Arothron","","","CACCGCGGTTATACGAGAGACCCAAGTTGTTAGCCCCCGGCGTAAAGAGTGGTTAAAAACACAACATTAAACTGAGGCCGAACACCCTCAAGGCAGTTATACGCTCCCGAGGGCATGAAGAACAATTACGAAAGTAGCCTCACCCCATTTGAACCCACGAAAGCTAGGGCA","171"
"OTU00055","OTU00055","Eukaryota","Metazoa","Chordata","Craniata","Actinopterygii","Actinopteri","Neopterygii","Teleostei","Euteleosteomorpha","","","Spariformes","","","","","Sparidae","","","","","","CACCGCGGTTATACGGGTTGACCCAAGTTGTCAGAAGTCGGCGTAAAGGGTGGTTAAGAGCAAGCTTAAATTAAAGCCGAACATCTTCCAGGCTGTTATACGCATCCGAAGACAAGAAGCTCAATTACGAAAGTAGCTTTATATTTTCTGAAGCCACGAAAGCTAAGACA","170"
"OTU00056","OTU00056","Eukaryota","Metazoa","Chordata","Craniata","Actinopterygii","Actinopteri","Neopterygii","Teleostei","Euteleosteomorpha","","","Pleuronectiformes","Pleuronectoidei","","","","Bothidae","","","Bothus","","Bothus pantherinus","CACCGCGGTTATACGAGAGGCCCAAGTTGACAGACAGCGGCGTAAAGGGTGGTTAGGGAAGTACCCCAGCTAAAGCCGAAAGCCGTCAAGGCTGTGATACGCCCCTTCGATGGCACGAAGACCGACTACGAAAGTGGCTTTAACCTACCTGACTCCACGAAAGCTGAGGAA","171"
"OTU00057","OTU00057","Eukaryota","Metazoa","Chordata","Craniata","","Chondrichthyes","Elasmobranchii","","","","Batoidea","Myliobatiformes","","","","Dasyatoidea","Dasyatidae","","","Dasyatis","","","CACCGCGGTTATACGAGTGACACAAACTAATATTACACGGCGTTAAGGGTGATTAGAAATATCTTACCCAAATAAAGTTAAGACCCCATTAAGCTGTTATACGCTCTCATGCCTAAAAATATCATTCACGAAAGTAACTTTATATATAACAGAGTATTTGACCTCACGACAGTTAAGACC","180"
"OTU00058","OTU00058","Eukaryota","Metazoa","Chordata","Craniata","Actinopterygii","Actinopteri","Neopterygii","Teleostei","Otomorpha","Clupei","","Clupeiformes","Clupeoidei","","","","Clupeidae","Clupeinae","","Sardinops","","Sardinops melanostictus","CACCGCGGTTATACGAGGGACCCTAGTTGATTTAATCGGCGTAAAGAGTGGTTATGGAGAATAAGAAACTAAAGCCGAAGACCTCTTAGGCCGTCATACGTACCTAGAGGCTCGAATAACAAACACGAAAGTAGCTTTACCCCTTCCTGCCAGAACCCACGAGAGCTGGGATA","173"
"OTU00059","OTU00059","Eukaryota","Metazoa","Chordata","Craniata","Actinopterygii","Actinopteri","Neopterygii","Teleostei","","","","Anguilliformes","","","","","Muraenidae","Muraeninae","","Gymnothorax","","Gymnothorax undulatus","AACCGCGGTTATACGAGAGGCCCAAATTGATGCCTCACGGCGTAAAGTGTGATTAGAGATAAAGCCCCCACTAGAACTAAACACCCCCTATGCTGTCATACGCCATGGGGGTCACGAAGCCCAACAACGAAAGTGGTTCTATAAGCCTTGAACTCACGACAGCCAGGACA","170"
"OTU00060","OTU00060","Eukaryota","Metazoa","Chordata","Craniata","Actinopterygii","Actinopteri","Neopterygii","Teleostei","Euteleosteomorpha","","","Gobiiformes","Gobioidei","","","","Gobiidae","Gobionellinae","","","","","CACCGCGGTTATACGAGAGGCCCAAGTTGACAGACACCGGCATAAAATGTGGTTAATATACAGTATTACACTAAAGTTAAACATCTTCAAAACTGTTATACGCCTCGAAGACAGGAAGCCCTCTCACGAAAGTAACTTTAAATAATATTACCCCACGAAAGCTAGGATA","169"
"OTU00061","OTU00061","Eukaryota","Metazoa","Chordata","Craniata","Actinopterygii","Actinopteri","Neopterygii","Teleostei","Euteleosteomorpha","","","Kurtiformes","Apogonoidei","","","","Apogonidae","Apogoninae","","Ostorhinchus","","","CACCGCGGTTATACGAGAGGCCCAAGCTGACAGTTCCCGGCGTAAAGAGTGGTTAATTATCTTCAATACTAAAGCCGAACGTCTCCAAGGTTGTATAACACATTCGAAGACATGAAGACCTACCACGAAAGTGGCTTTACACTATTTGAACCCACGAAAGCTAGGGAA","168"
"OTU00062","OTU00062","Eukaryota","Metazoa","Chordata","Craniata","Sarcopterygii","Mammalia","","","","","Laurasiatheria","Artiodactyla","Ruminantia","Pecora","","","Bovidae","Caprinae","","Capra","","Capra hircus","CACCGCGGTCATACGATTAACCCAAGCTAACAGGAATACGGCGTAAAACGTGTTAAAGCACTACATCAAATAGAGTTAAATTCTAATTAAACTGTAAAAAGCCATAATTACAACAAAAATAGATGACGAAAGTAACCCTACTGCAGCTGATACACTATAGCTAAGACC","168"
"OTU00063","OTU00063","Eukaryota","Metazoa","Chordata","Craniata","Actinopterygii","Actinopteri","Neopterygii","Teleostei","Euteleosteomorpha","","","Gobiiformes","Gobioidei","","","","Gobiidae","Gobiinae","","Bathygobius","","Bathygobius coalitus","CGCCGCGGTTATACGAGTAGGCCCAAGTGGATCGAAACCGGCGTAAAGAGTGGCTAATAGAACCGCACACTAAAGCCGAACGCCTTCAAAGCAGTTATACGCATTCGGAGGCACGAAGCCCCATAACGAAAGTGGCTTTAAACACTATTGAACCCACGAAAGCTAGGGAA","170"
"OTU00064","OTU00064","Eukaryota","Metazoa","Chordata","Craniata","Sarcopterygii","Mammalia","","","","","Laurasiatheria","Carnivora","Feliformia","","","","Viverridae","Viverrinae","","","","","CACCGCGGTCATACGATTAACCCGAACTAATGGTCCTACGGCGTAAAGCGTGTTACAGAAGATACTCTTATGCTAAAGTCAAATTTTAACTAGGTTGTAAAAAGCTACAGTTATTATGAAAATACAACACGAAAGTAACTTTAACATCTCCGACTACACGATAGCTAAGATC","172"
"OTU00065","OTU00065","Eukaryota","Metazoa","Chordata","Craniata","Actinopterygii","Actinopteri","Neopterygii","Teleostei","","","","Anguilliformes","","","","","Muraenidae","Muraeninae","","Gymnothorax","","","AACCGCGGTTATACGAGAGGCCCGAATTGACGCCTCACGGCGTAAAGTGTGATTAGAGACTAACCTCAACTAAAGCCGAATACCCCTTATGCTGTCATACGCCATAGGGGTCACGAAGCCCAACAGCGAAAGTGGCTTTATAAATCTTGAACTCACGACAGCTAAGACA","169"
"OTU00066","OTU00066","Eukaryota","Metazoa","Chordata","Craniata","Actinopterygii","Actinopteri","Neopterygii","Teleostei","Euteleosteomorpha","","","Syngnathiformes","Mulloidea","","","","Mullidae","","","Mulloidichthys","","","CACCGCGGTTATACGAGAGGCCCAAGTTGATAGGCACCGGCGTAAAGGGTGGTTAGGGATCACTATAAAATAAAGCCGAATATCTTCAACGCTGTTATACGCCCCCGAAGATTCGAAGCCCCGTTACGAAAGTAGCTTTACCTTCCCCCGAACCCACGAAAGCCAGGGTA","170"
"OTU00067","OTU00067","Eukaryota","Metazoa","Chordata","Craniata","Actinopterygii","Actinopteri","Neopterygii","Teleostei","Euteleosteomorpha","","","Gobiiformes","Eleotroidei","","","","Eleotridae","Eleotrinae","","Eleotris","","","CGCCGCGGTTATACGAGGGGCTCAAGTTGATATCTCTCGGCGTAAAGGGTGGTTAAGAAAATTCAAACTAAAGCCAAACATCTTCAAAGCTGTCATACGCACCCGAAGAAATGAAGACCTATCACGAAAGTAGCTTTAAAATTTCTGAGCCCACGAAAGCTAGGACA","167"
"OTU00068","OTU00068","Eukaryota","Metazoa","Chordata","Craniata","Actinopterygii","Actinopteri","Neopterygii","Teleostei","Otomorpha","Clupei","","Clupeiformes","Clupeoidei","","","","Clupeidae","Clupeinae","","Herklotsichthys","","Herklotsichthys quadrimaculatus","CACCGCGGTTATACGAGGGGCCCAAATTGATAGCCCACGGCGTAAAGAGTGGTTATGGGAGCAAAAAACTAGAGCTGAAGAGCCCCCGGGCAGTTAAAAGCATTCCGGCCGCTCGAACCACAGTCACGAAAGTAGCTCTAACCCCTTCCACCAGATTCCACGACAGCTGAGGAA","174"
"OTU00069","OTU00069","Eukaryota","Metazoa","Chordata","Craniata","Actinopterygii","Actinopteri","Neopterygii","Teleostei","Otomorpha","Ostariophysi","Characiphysae","Siluriformes","Siluroidei","","","","","","","","","","CACCGCGGTTATACGAAAGACCCCAGTTGATAAACACGGCGTAAAGGGTGGTTAAGGGAAACAACTAATAAAGCTAAAGACCCTCTAAGCCGTCATACGCACTCCGAGGCCACGAAACCCAAATACGAAAGTAGCTTTAAACCTGTAACACCTGACCCCACGAAAGCTAAGAAA","174"
"OTU00070","OTU00070","Eukaryota","Metazoa","Chordata","Craniata","Actinopterygii","Actinopteri","Neopterygii","Teleostei","Euteleosteomorpha","","","Labriformes","","","","","Labridae","","","Stethojulis","","Stethojulis terina","CACCGCGGTTATACGAGGAACCCAAGTAGATGGCCTCCGGCGTAAAGAGTGGTTAAAATGCTAGAAAAACTAAAGCCAAATATCCTCATAACTGTTATACGTTCATGAGAGCAAGAAGCCCAACCACGAAAGTGGCTTTACACATTTGACCCCACGAAAGCTAGGGCA","168"
"OTU00071","OTU00071","Eukaryota","Metazoa","Chordata","Craniata","Sarcopterygii","Mammalia","","","","","Laurasiatheria","Artiodactyla","Whippomorpha","Ancodonta","","","Hippopotamidae","","","","","","CACCGCGGTCATACGATTGACTCAAACTAACAGAAATACGGCGTAAAGCGTGTTAAAGAGTTAAAAGTACAAATAAAGTTAAATTCTAACTAAACTGTAAAAAGCCCTAACTAGAATAAAAATCTACTACAAAAGTGACTTTAACAATACTGACCACACGATAGCTAAGACC","172"
"OTU00072","OTU00072","Eukaryota","Metazoa","Chordata","Craniata","Actinopterygii","Actinopteri","Neopterygii","Teleostei","Euteleosteomorpha","","","","","","","","","","","","","","CACCGCGGTTATACGAGAGGCCCAAGTTGACCACACTCGGCGTAAAGAGTGGTTAAAAGAACATAAACTAAAGCCGAATACTCTCCTAATTGTCACACATACTCGAGAGTAAGAAGCCCACCTACGAAAGTGGCTTTATTAACCTTTGACCCCACGAAAGCTGTGGCC","168"
"OTU00073","OTU00073","Eukaryota","Metazoa","Chordata","Craniata","Sarcopterygii","Mammalia","","","","","Euarchontoglires","Rodentia","Myomorpha","","","","Muridae","Murinae","","Rattus","","","CACCGCGGTCATACGATTAACCCAAACTAATTATTTTCGGCGTAAAACGTGCCAACTATAAATCTCACAATAGAATTAAAACCCAACTTATATGTGAAAATTCATTGTTAGGACTAAAGACCGATAACGAAAGTAATTCTAATCATTTATATAATGCACGATAGCTAAGATC","172"
"OTU00074","OTU00074","Eukaryota","Metazoa","Chordata","Craniata","Sarcopterygii","Aves","","Neognathae","","","","Charadriiformes","","","","","Charadriidae","","","Pluvialis","","","CACCGCGGTCACACAAGAGACCCAAGTTAACTGTATGCGGCGTAAAGAGTGGTATCATGTTATCTCAGAGGCTAAGATCAAAACGCAGCTGAGCTGTCATAAGCCCAAGATGCACCTAAGACCAACCTTAAGATGATCTTAGCGCCTCCACGACTAATTAAACCCCACGAAAGCTAAGGCC","181"
"OTU00075","OTU00075","Eukaryota","Metazoa","Chordata","Craniata","Actinopterygii","Actinopteri","Neopterygii","Teleostei","Euteleosteomorpha","","","Mugiliformes","","","","","Mugilidae","","","Planiliza","","","CACCGCGGTTATACGAGAGGTCCAAGCTGACAGTCATCGGCGTAAAGAGTGGTTAAGTTAACCTGATACAACTAAAGTCGAACGCCCCCAAGACCGTTATACGTGCTCGGAGGCATGAAGCCCAACGACGAAAGTGGCTTTAAACACCCTGACTCCACGAAAGCTGTGAAA","171"
"OTU00076","OTU00076","Eukaryota","Metazoa","Chordata","Craniata","Sarcopterygii","Aves","","Neognathae","","","","Charadriiformes","","","","","Scolopacidae","","","Numenius","","","CACCGCGGTCACACAAGAGACCCAAATTAACTGTATGCGGCGTAAAGAGTGGTACCATGTTATCACAACAACTAAGACCAAAGCACAACTAAGCTGTCATAAGCCCAAGATGTGTCTAAGGCCTGCCTTAAAAATGATCTTAGTACTTTTGACCAATTTAACCCCACGAAAGCTAAGACA","180"
"OTU00077","OTU00077","Eukaryota","Metazoa","Chordata","Craniata","Actinopterygii","Actinopteri","Neopterygii","Teleostei","Euteleosteomorpha","","Atherinomorphae","Beloniformes","Belonoidei","","","","Belonidae","","","Tylosurus","","Tylosurus crocodilus","CACCGCGGTTAGACGAGAGGCCTAAGTTGATAGTCTCCGGCGTAAAGAGTGGTTAGGGGGACCCTTAAACTAAAGCCGAATATTCTCACAGCTGTCATACGCACCCGAGAATAAGAAGTCCCACCACGAAAGTGGCTTTAACCCACCCGACCCCACGAAAGCTGTGGAA","169"
"OTU00078","OTU00078","Eukaryota","Metazoa","Chordata","Craniata","Actinopterygii","Actinopteri","Neopterygii","Teleostei","Euteleosteomorpha","","","Spariformes","","","","","Sparidae","","","","","","CACCGCGGTTATACGTGTGACCCAAGTTGTTAGAAGTCGGCGTAAAGGGTGGTTAGGAGTAAGCTTAAAATTAAAGTCGAACACCTTCCGGGCCGTTATACGCATCCGAAGGTAAGAAGCTCAAATACGAAAGTAGCTTTATATTTTCTGAACCCACGAAAGCTAAGGCA","170"
"OTU00079","OTU00079","Eukaryota","Metazoa","Chordata","Craniata","Sarcopterygii","Mammalia","","","","","Laurasiatheria","Artiodactyla","Whippomorpha","Cetacea","Odontoceti","","Delphinidae","","","","","","CACCGCGGTCATACGATTGACCCAAGTTAATAGACACCCGGCGTAAAGAGTGTCAAGGAACAATATAAAAATAAAGTCAAACCTTAATTAAGCTGTAAAAAGCCATAATTAAAATTAAGTTAAACTACGAAAGTAACTTTACCATAAACTGAGTACACGACAACTAAGACC","171"
"OTU00080","OTU00080","Eukaryota","Metazoa","Chordata","Craniata","Actinopterygii","Actinopteri","Neopterygii","Teleostei","Euteleosteomorpha","","","Spariformes","","","","","Sparidae","","","","","","CGCCGCGGTTATACGGGAGGCCCAAGTTGTCAAAAGTCGGCGTAAAGGGTGGTTTAGATTAAGCTTAAAATTAAAGCCGAACGCCTTCCGGGCTGTCATACGCATCCGAAGGTAAGAAGTTCAACTACGAAAGTAGCTTTATATTTTCTGACCCCACGAAAGCTAAGATA","170"
"OTU00081","OTU00081","Eukaryota","Metazoa","Chordata","Craniata","Actinopterygii","Actinopteri","Neopterygii","Teleostei","Euteleosteomorpha","","","Carangiformes","","","","","Carangidae","","","Caranx","","","CACCGCGGTTATACGAGAGGCTCAAGTTGACAGACAACGGCGTAAAGCGTGGTTAAGAAAAACATACAACTAAAGCGGAACCTCCTCCTAGCTGTTATACGCTTCCGAGGAAGTGAACCCCAACTACGAAAGTGGCTTTATCTAACCTGAACCCACGAAAGCTAAGAAA","169"
"OTU00082","OTU00082","Eukaryota","Metazoa","Chordata","Craniata","Actinopterygii","Actinopteri","Neopterygii","Teleostei","","","","Anguilliformes","","","","","Muraenidae","Muraeninae","","Gymnothorax","","Gymnothorax chilospilus","AACCGCGGTTACACGAGAGGCCCGAATTGACACATCACGGCGTAAAGTGTGATTAGAGATAGGACAGACTAGAGCCAAACACCCCTTATGCTGTCATACGCCATGGGGGTCACGAAGACCAACGACGAAGGTGGTTCTAACAAAATAATCTTGAACTCACGACAGCCAAGATA","173"
"OTU00083","OTU00083","Eukaryota","Metazoa","Chordata","Craniata","Actinopterygii","Actinopteri","Neopterygii","Teleostei","Euteleosteomorpha","","","Centrarchiformes","","","","Terapontoidei","Kyphosidae","","","","","","CACCGCGGTTATACGAGAGGCCCAAGTTGATGGATTCCGGCGTAAAGAGTGGTTAAGATAAATCTGAAACTAAAGCCGAATACTCTCAGAGCTGTTATACGCCTCCGAGGGTAAGAAGCCCAATCACGAAAGTGGCTTTAACATTACTGAATCCACGAAAGCTATGACA","169"
"OTU00084","OTU00084","Eukaryota","Metazoa","Chordata","Craniata","Actinopterygii","Actinopteri","Neopterygii","Teleostei","Euteleosteomorpha","","","Gobiiformes","Gobioidei","","","","Gobiidae","Gobiinae","","","","","CACCGCGGTTATACGAGAGGCCCGAGTTGACAAACGCCGGCGTAAAGAGTGGTAAATCAAATTAAAACTAAGGCCAAACACCTCCAAGACCGTCATACGTACCCGGAGGCAGGAAGCTCCCCAACGAAAGTGGCCTTAACTTACAATGAACCCACGAAAGCTAGGGTA","168"
"OTU00085","OTU00085","Eukaryota","Metazoa","Chordata","Craniata","Actinopterygii","Actinopteri","Neopterygii","Teleostei","Euteleosteomorpha","","","","","","","","","","","","","","CACCGCGGTTAAACGGACGACCCAAGCTGATAATTGCCGGCGTAAAGAGTGGTTAGGTCTGATTCAAAACTAAAGCCGAAGGCCCTCATTGCTGTTATACGCTCCCGAGGGAAATAAGTCCAATTACGAAAGTGGCTTTACAACATCTGAACCCACGAAAGCTAGGGCA","169"
"OTU00086","OTU00086","Eukaryota","Metazoa","Chordata","Craniata","Actinopterygii","Actinopteri","Neopterygii","Teleostei","Euteleosteomorpha","","","","","","","","Sciaenidae","","","","","","CACCGCGGTTATACGAGAGGCCCAAGTCGATAGTCAGCGGCGTAAAGAGTGGTTAGAAGGAACCCGTTACTAAAGCCGAACACCCTCAAAGCTGTTATACGCACCCGAAGGTGAGAAGCCCATCCACGAAAGTGGCTTTACAACCTTGAATCCACGAAAGCTATGATA","168"
"OTU00087","OTU00087","Eukaryota","Metazoa","Chordata","Craniata","","Chondrichthyes","Elasmobranchii","","","","Batoidea","Myliobatiformes","","","","","","","","","","","CACCGCGGTTATACGAGCGACACAAATTAATATTTTACGGCGTTAAGGGTGATTAGAATTAATCTCATCTTAAATAAAGTTAAGACCTCATTAAGCTGTCATACGCTTTTATGCTTAAAAACACCACTCACGAAAGTAACTTTATACAAACAGAATTTTTGACCTCACGACAGTTAAGGCC","181"
"OTU00088","OTU00088","Eukaryota","Metazoa","Chordata","Craniata","Actinopterygii","Actinopteri","Neopterygii","Teleostei","Euteleosteomorpha","","","Gobiiformes","Gobioidei","","","","Gobiidae","Gobiinae","","Glossogobius","","","CACCGCGGTTATACGAGAGGCCCGAGCTGATAGATATCGGCGTAAAGAGTGGTTAATTTAAATGTTAGACTAAAGCTAAACACCTTCAAAGCTGTTATACGCATCCGAAGAAAGGAAAACCGTTCACGAAAGTAGCTTTATACAGTATTGACGCCACGAAAGCTAGGACA","170"
"OTU00089","OTU00089","Eukaryota","Metazoa","Chordata","Craniata","Actinopterygii","Actinopteri","Neopterygii","Teleostei","Euteleosteomorpha","","","Acanthuriformes","","","","","Acanthuridae","Acanthurinae","","Acanthurus","","","CACCGCGGTTATACGAGAGACCCAAGTTGACAGGCAATCGGCGTAAAGAGTGGTTAAGTAATACATTTCACTAAAGCCAAACACCTTCAAAGCTGTTATACGCACCCGAAGACCAGAAGCCCAATCACGAAAGTGGCTTTAAACTAACTGAACCCACGAAAGCTAGGGCA","170"
"OTU00090","OTU00090","Eukaryota","Metazoa","Chordata","Craniata","Actinopterygii","Actinopteri","Neopterygii","Teleostei","","","","Albuliformes","","","","","Albulidae","Albulinae","","Albula","","","CACCGCGGTTATACGAGGGGCTCAAGTTGATGTATGTCGGCGTAAAGAGTGATTACAGGAGTATGCATAACTAGAGCCGAAGACCCCCTGGGCTGTTTTACGCATCTGGGGGCTATTAAGCCCTTTAACGAAGGTAGCTTTAAAAGATTACATCCTCGAGTTCACGATAGCTAAGGCA","178"
"OTU00091","OTU00091","Eukaryota","Metazoa","Chordata","Craniata","Sarcopterygii","Aves","","Neognathae","","","Galloanserae","Galliformes","","","","","Phasianidae","Phasianinae","","Gallus","","Gallus gallus","CACCGCGGTCATACAAGAAACCCAAATCAATAGCTACCCGGCGTAAAGAGTGGCCACATGTTATCTGCACCAGCTAAGATTAAAATGCAACCAAGCTGTCATAAGCCTAAGATCCACCTAAACCCAACCCAAATCCATCTTAGCCTCAACGATTAATTTTAACCCACGAAAGCTAGGACC","180"
"OTU00092","OTU00092","Eukaryota","Metazoa","Chordata","Craniata","Sarcopterygii","Mammalia","","","","","Laurasiatheria","Carnivora","Feliformia","","","","Felidae","","","","","","CACCACGGCCATACAATTATCCCAAACTATGTGGTGTAAAGCGTGTTAAAGAAGAACCTTATGCTAGAGTTAAATTTTAACTAGGCTGTAAAAAGCTACAGTTAACATAAAAATATAACACCAAAGTAACTTTAACACCTCCGACCACACGATAGCTAAGACC","163"
"OTU00093","OTU00093","Eukaryota","Metazoa","Chordata","Craniata","Actinopterygii","Actinopteri","Neopterygii","Teleostei","Euteleosteomorpha","","","Gobiiformes","Gobioidei","","","","Gobiidae","Gobiinae","","","","","CACCGCGGTTATACGAGGGACCCAAGTTGATAGAATCCGGCGTAAAGAGTGGTTAATAAACAAAAAACTAAAGCCGAACACCTTCAAAACTGTTATACGTACTTGAAGACAGGAAGATCTATAACGAAAGTGGCTTTAATCAATATGAACCCACGAAAGCTAGGGAA","167"
"OTU00094","OTU00094","Eukaryota","Metazoa","Chordata","Craniata","Actinopterygii","Actinopteri","Neopterygii","Teleostei","Euteleosteomorpha","","","Gerreiformes","","","","","Gerreidae","","","Gerres","","","CACCGCGGTTATACGAAAGGCCCAAGTTGACCACCACCGGCGTAAAGCGTGGTTAGGTTTATGTACAATATGACTAAAGTCGAACTCCTTCAAGGCCGTTTAACGTGTTCGAAAGGGAGAAGCACAACTACGAAAGTGACTTTACAAACCTGACTCCACGAAAGCTAAGGTA","172"
"OTU00095","OTU00095","Eukaryota","Metazoa","Chordata","Craniata","Actinopterygii","Actinopteri","Neopterygii","Teleostei","Euteleosteomorpha","","","","","","","","","","","","","","CACCGCGGTTATACGAGAGACCCAAGTTGATAGATATCGGCGTAAAGAGTGGTTAAGACAGATATAATACTAAAGCCGAACGCCCTCAAAGCTGTTATACGCACCCGAAGGTAAGAAGTCCAACTACGAAAGTGGCTTTATTACATCTGAACCCACGAAAGCTATGACA","169"
"OTU00096","OTU00096","Eukaryota","Metazoa","Chordata","Craniata","Actinopterygii","Actinopteri","Neopterygii","Teleostei","Euteleosteomorpha","","","Holocentriformes","","","","","Holocentridae","Myripristinae","","Myripristis","","","CACCGCGGTTATACGAGAGGTCCAAGTTGATAGAAACCGGCGTAAAGAGTGGTTAGGGGGATCTTACTTAACTAAAGCCAAACACCTTCAGAACTGTTATACGTACCCGAAGGCATGAAGAACCACTACGAAAGTGGCTTTACTAACCCTGAACCCACGAAAGCTATGCCA","171"
"OTU00097","OTU00097","Eukaryota","Metazoa","Chordata","Craniata","Actinopterygii","Actinopteri","Neopterygii","Teleostei","Euteleosteomorpha","","","","","","","","","","","","","","CACCGCGGTTATACGAGAGGCCCAAGTTGATAGTCGCCGGCGTAAAGAGTGGTTAGGAAGTATTTTAAACTAAAGCCGAATACTCTCAGAACTGTTATACGTACCCGAGAAAAAGAAGCCCCACTACGAAAGTGGCTTTACCCCCTCTGACCCCACGAAAGCTGAGAAA","169"
"OTU00098","OTU00098","Eukaryota","Metazoa","Chordata","Craniata","Actinopterygii","Actinopteri","Neopterygii","Teleostei","Euteleosteomorpha","","","Tetraodontiformes","","","","Balistoidea","Balistidae","","","","","","CACCGCGGTTATACGAGAGGCCCAAGCTGACAGACACCGGCGTAAAGAGTGGTTAGGGATGACTAACAAATTAGGGCCGAACGCTTTCAAGGCTGTTATACGCACCCGAAAGTAAGAAGAACAACAACGAAAGTGGCCTTATAAGACCTGAACCCACGAAAGCTAAGGCA","170"
"OTU00099","OTU00099","Eukaryota","Metazoa","Chordata","Craniata","Actinopterygii","Actinopteri","Neopterygii","Teleostei","Euteleosteomorpha","","","Spariformes","","","","","Sparidae","","","","","","CACCGCGGTTATACGGGAGGCCCAAGTTGTCAGAACTCGGCGTAAAGGGTGGTTAGAAATAAACCTAAAATTAAAGCCGAACATTTTCCAGGCTGTTATACGCATCCGAAAACAAGAAGCTCACTTACGAAAGTAGCTTTATGATTTTGAACCCACGAAAGCTGGGATA","169"
"OTU00100","OTU00100","Eukaryota","Metazoa","Chordata","Craniata","Actinopterygii","Actinopteri","Neopterygii","Teleostei","Euteleosteomorpha","","","","","","","","Pomacentridae","","","Plectroglyphidodon","","","CACCGCGGTTATACGAGAGGCTCAAGTTGACAGACAACGGCGTAAAGAGTGGTTAGGGCAACCCCTAAAACTAAAGTCGAACACCTTCAGAACTGTTATACGTTCCCGAAGATAAGAAGCTCTATTACGAAAGTAACTTTACATACCCCGACCCCACGAAAGCTGTGACA","170"
"OTU00101","OTU00101","Eukaryota","Metazoa","Chordata","Craniata","Sarcopterygii","Aves","","Neognathae","","","","Charadriiformes","","","","","Scolopacidae","","","Tringa","","","CACCGCGGTCACACAAGAGACCCAAGTTAACTGTATGCGGCGTAAAGAGTGGTATTATGTTATCATAATAACTAAGACTAAAGTACAACTAAGCTGTCATAAGCCAAAGATGTATCTAAGACCCTCCTATAAACGATCTTAGCACTTTAGATTAATTTAACTCCACGAAAGCTAAGGCA","179"
"OTU00102","OTU00102","Eukaryota","Metazoa","Chordata","Craniata","Actinopterygii","Actinopteri","Neopterygii","Teleostei","Euteleosteomorpha","","","Gobiiformes","Gobioidei","","","","Gobiidae","Gobiinae","","Drombus","","","CACCGCGGTTATACGAGAGGCCCAAGTTGACAAATACCGGCGTAAAGCGTGGTTAATAAACTACTAAACTAAGGCCGAACCCCTTCAAGGCCGTTATACGTACCCGAAGATAGGAAGTCCCCCAACGAAAGTGGCTTTAACCAATATGAACCCACAAAAGCTAAGATA","168"
"OTU00103","OTU00103","Eukaryota","Metazoa","Chordata","Craniata","Actinopterygii","Actinopteri","Neopterygii","Teleostei","Euteleosteomorpha","","","Gobiiformes","Gobioidei","","","","Gobiidae","Gobiinae","","Bathygobius","","","CACCGCGGTTATACGAGAGGCCCAAGTTGACAAGCATCGGCGTAAAGAGTGGTTAATAGAAGTTTTTACTAAAGCCGAACACCATCAAGACTGTTATACGTGCCTGAAGGTAGGAAGCCCCACAACGAAAGTGGCTTTAAACACTATTGAACCCACGAAAGCTAGGGAA","169"
"OTU00104","OTU00104","Eukaryota","Metazoa","Chordata","Craniata","Actinopterygii","Actinopteri","Neopterygii","Teleostei","Euteleosteomorpha","","","","","","","","","","","","","","CACCGCGGTTATACGAGAGGCCCAAGTTGACAGGCTTTCGGCGTAAAGAGTGGTTAAATTGATTTTATACTAAAGCCGAAGCTCCTTCAGAGCTGTTATACGTACCCGAAGGTAAGAAGCCCCGTTACGAAAGTAGCTTTAACACTCTTGACCCCACGAAAGCTGTGGAA","170"
"OTU00105","OTU00105","Eukaryota","Metazoa","Chordata","Craniata","Sarcopterygii","Mammalia","","","","","Laurasiatheria","Artiodactyla","Ruminantia","Pecora","","","Bovidae","Caprinae","","Ovis","","Ovis aries","CACCGCGGTCATACGATTGACCCAAGCTAACAGGAGTACGGCGTAAAGCGTGTTAAAGCATCATACTAAATAGAGTTAAATTTTAATTAAACTGTAAAAAGCCATAATTATAACAAAAATAAATGACGAAAGTAACCCTACAATAGCTGATACACCATAGCTAAGACC","168"
"OTU00106","OTU00106","Eukaryota","Metazoa","Chordata","Craniata","Actinopterygii","Actinopteri","Neopterygii","Teleostei","Euteleosteomorpha","","","Tetraodontiformes","Tetraodontoidei","","","Tetradontoidea","Tetraodontidae","","","Takifugu","","","CACCGCGGTTATACGAGAGACCCAAGTTGTTAGCCAACGGCGTAAAGGGTGGTTAGAAATACAAACACAAACTGAGACCGAATACCTTCAAGGCTGTTATACGCTTCCGAAGTAACGAAGAACAATAACGAAAGTAGCCTCATTAATTCGAACCCACGAAAGCTAGGGCA","170"
"OTU00107","OTU00107","Eukaryota","Metazoa","Chordata","Craniata","Actinopterygii","Actinopteri","Neopterygii","Teleostei","Euteleosteomorpha","","","Tetraodontiformes","","","","Balistoidea","Balistidae","","","Rhinecanthus","","","CACCGCGGTTATACGAGAGGCCCAAGCTGACAGACATCGGCGTAAAGAGTGGTTAGGAAATATAAATTAAACTAGAGCCGAATGCTTCCAAGGCTGTTATACGCACCCGAAAGCAAGAAGTACAACAACGAAAGTGGCCCTATTAATTCCGAACCCACGAAAGCTAAGGCA","171"
"OTU00108","OTU00108","Eukaryota","Metazoa","Chordata","Craniata","Actinopterygii","Actinopteri","Neopterygii","Teleostei","Euteleosteomorpha","","","Carangiformes","","","","","Carangidae","","","Decapterus","","","CACCGCGGTTATACGAGAGGCTCAAGTTGACAGACAACGGCGTAAAGAGTGGTTAAGGAAAATATTCAACTAAAGCGGAACCCCCTCATTGCTGTCATACGCTTCCGAGAGGATGAACCCCAACTACGAAGGTGGCTTTATAAAACCTGAACCCACGAAAGCTAAGAAA","169"
"OTU00109","OTU00109","Eukaryota","Metazoa","Chordata","Craniata","Actinopterygii","Actinopteri","Neopterygii","Teleostei","Euteleosteomorpha","","Cichlomorphae","Cichliformes","","","","","Cichlidae","Pseudocrenilabrinae","","","","","CACCGCGGTTATACGAGAGGCTCAAGTTGACAGACATCGGCATAAAGAGTGGTTAGGAAGTTTTTAAACTAAAGCCGAACGCCCTCAGAACTGTTATACGTACCCGAGAGCAAGAAGCCCCACTACGAAAGTGGCTTTATACCCCCGACCCCACGAAAGCTGCGAAA","167"
"OTU00110","OTU00110","Eukaryota","Metazoa","Chordata","Craniata","Actinopterygii","Actinopteri","Neopterygii","Teleostei","","","","Anguilliformes","","","","","Anguillidae","","","Anguilla","","Anguilla bicolor","CACCGCGGTTATACGAGGGGCTCAAATTGATATTACACGGCGTAAAGCGTGATTAAAAAATAAATAAACTAAAGCCAAACACTTCCCAAGCTGTCATACGCTACCGGACAAAACGAAGCCCCACTACGAAAGTAGCTTTAACACCTTTGAACTCACGACAGTTGAGGAA","169"
"OTU00111","OTU00111","Eukaryota","Metazoa","Chordata","Craniata","Actinopterygii","Actinopteri","Neopterygii","Teleostei","Euteleosteomorpha","","","Labriformes","","","","","Labridae","","","","","","CACCGCGGTTAGACGAGAGACCCAAGTGGATGGCCCTCGGCGTAAAGAGTGGTTAAGATATTTTTAAACTAAGGCCAAACGACTTTTTAGCTGTTATACGCGCGAGAAGACATGAAGCTCAACTACGAAAGTGGCCTTAAACCCCTGACCCCACGAAAGCTAGGACA","167"
"OTU00112","OTU00112","Eukaryota","Metazoa","Chordata","Craniata","Sarcopterygii","Aves","","Neognathae","","","","Coliiformes","","","","","Coliidae","","","Colius","","","CACCGCGGTCATACAAGAAACCCAAATTAACTGTACACGGCGTAAAGAGTGGTACAACAATATCGCACTAGCTAAGGCTAAAACATAACTAAGCTGTCATAAGCCAAAGTTACCCATAAACTCACCCTAAAAACGACCTTAGTACTCATGATAAACCTATTACCACGAAAGCTATGACA","179"
"OTU00113","OTU00113","Eukaryota","Metazoa","Chordata","Craniata","Actinopterygii","Actinopteri","Neopterygii","Teleostei","Euteleosteomorpha","","","Acanthuriformes","","","","","Acanthuridae","Nasinae","","Naso","","","CACCGCGGTTATACGAGAGACCCAAGTTGTTAGACACCGGCGTAAAGAGTGGTTAGGAAAACTCATTCAACTAGAGCCGAACACCTTCAAAGCTGTTATACGCACCCGAAGGTAAGAAGTCCAACTACGAAAGTGGCTTTATGTTAACTGAACCCACGAAAGCTAGGACA","170"
"OTU00114","OTU00114","Eukaryota","Metazoa","Chordata","Craniata","Sarcopterygii","Mammalia","","","","","Laurasiatheria","Carnivora","Feliformia","","","","Viverridae","Viverrinae","","","","","CACCGCGGTCATACGATTAACCCGAACTAATGGCCCTACGGCATAAAACGTATTATAGAAAATACTCCCATGCTAAAGTCAAATTCTAACTAGGCTGTAAAAAGCTACAGTTATTATGAAAATACAACACGAAAGTAACTTTAACATCTCCGACTACACGATAGCTAAGACC","172"
"OTU00115","OTU00115","Eukaryota","Metazoa","Chordata","Craniata","Actinopterygii","Actinopteri","Neopterygii","Teleostei","Euteleosteomorpha","","","Scombriformes","","","","","Scombridae","Scombrinae","Sardini","Sarda","","","CACCGCGGTTATACGAGAGGCCCAAGTTGACAGACACCGGCGTAAAGCGTGGTTAAGGTAAATTGAAACTAAAGCCGAACACCTTCAGGGCAGTTATACGCATCCGAAGGCACGAAGCTCCACCACGAAAGTGGCTTTATGATTCCTGACTCCACGAAAGCTATGACA","168"
"OTU00116","OTU00116","Eukaryota","Metazoa","Chordata","Craniata","Actinopterygii","Actinopteri","Neopterygii","Teleostei","Euteleosteomorpha","","","Lophiiformes","Antennarioidei","","","","Antennariidae","","","Histrio","","Histrio histrio","CACCGCGGTTATACAAGTGAGCCCAAGCTGATAAAGATCGGCGTAAAGGGTGGTTAAGAATACTGTTCAGTAAAGCCGAGAATCCCAGCAGCTGTTCAATGCTTGCAAGGTATAAAAAGCCCAAACACGAAAGTAGCTTTACAATTTCTGACCCCACGAAAACTAGGACA","170"
"OTU00117","OTU00117","Eukaryota","Metazoa","Chordata","Craniata","Actinopterygii","Actinopteri","Neopterygii","Teleostei","Euteleosteomorpha","","","Gobiiformes","Gobioidei","","","","Gobiidae","","","","","","CACCGCGGTTATACGAGAGGCCCGAGTTGACAAAAATCGGCGTAAAGGGTGGTTAGTGAAATAAGTACTAAAGCCAAACACCTTCAAGGCTGTTTACACGCACCCGAAGGCAGGAAGAACTTTAACGAAAGTGGCTTTAACAACCATGACCCCACGAAAGCTAGGGCA","168"
"OTU00118","OTU00118","Eukaryota","Metazoa","Chordata","Craniata","Sarcopterygii","Aves","","Neognathae","","","Galloanserae","Anseriformes","","","","","Anatidae","","","","","","CACCGCGGTCATACAAGAGACCCAAATCAACTGTCCTACACGCGGCGTAAAGAGTGGTAAAATGCTTATCCTACTGAACTAAGATCAAAATGCAACTAAGCTGTCGCAAGCACAAGATGCACCTAAACACACCATCAAGATGATCTTAGAAACTAGCGATTTATTTGAACCCACGAAAGCCAGGGCC","187"
"OTU00119","OTU00119","Eukaryota","Metazoa","Chordata","Craniata","Actinopterygii","Actinopteri","Neopterygii","Teleostei","Euteleosteomorpha","","","Blenniiformes","Blennioidei","","","","Blenniidae","","","","","","CACCGCGGTTATACGAGAGGCCCAAGCTGACAGCCCTTCGGCGTAAAGGGTGGTTAAATAAAAAAATGAATTAAAGCCAAATGCTCCCTAAACTGTTAAACGCGATCGAGAGCTAGAAGCCCTTTTACGAAAGTAGCTTTATTATATTGAACCCACGAAAGCTAAGGCA","169"
"OTU00120","OTU00120","Eukaryota","Metazoa","Chordata","Craniata","Sarcopterygii","Mammalia","","","","","Laurasiatheria","Carnivora","Caniformia","","","","Canidae","","","Canis","","Canis lupus","CACCGCGGTCATACGATTAACCCAAACTAATAGGCCTACGGCGTAAAGCGTGTTCAAGATACTTTAACACTAAAGTTAAAACTTAACTAAGCCGTAAAAAGCTACAGTTATCATAAAATAAACCACGAAGGTGACTTTATAATAATCTGACTACACGATAGCTAAGACC","169"
"OTU00121","OTU00121","Eukaryota","Metazoa","Chordata","Craniata","Sarcopterygii","Mammalia","","","","","Laurasiatheria","Artiodactyla","Suina","","","","Suidae","","","Potamochoerus","","","CACCGCGGTCATACGATTAACCCAAATTAATAGATCTACGGCGTAAAGAGTGTTAAAGAAAAAACTATAATAGAGTTAAATTACAACTAAGCTGTAAAAAGCCCTAGTTAGAATAAAATAACCTGCAAAAGTGACTCTAAAATCTCTGATACACGACAGCTAGGGCC","167"
"OTU00122","OTU00122","Eukaryota","Metazoa","Chordata","Craniata","Actinopterygii","Actinopteri","Neopterygii","Teleostei","Euteleosteomorpha","","","Lutjaniformes","","","","","Lutjanidae","Apsilinae","","Paracaesio","","","CACCGCGGTTATACGAGAGACCCAAGTTGTTAGATGCCGGCGTAAAGGGTGGTTAAGATAAATTAAAGACTAAAGCCGAACGCCCTCAGAGCTGTTATACGTTCCCGAGAGTAAGAAGCCCAACTACGAAAGTGGCTTTATAACATCTGAACCCACGAAAGCTATGACA","169"
"OTU00123","OTU00123","Eukaryota","Metazoa","Chordata","Craniata","Actinopterygii","Actinopteri","Neopterygii","Teleostei","Euteleosteomorpha","","","","","","","","","","","","","","CACCGCGGTTATACGAGAGGCCCAAGTTGACCACACTCGGCGTAAAGAGTGGTTAGAAGAACATAAACTAAAGCCGAATACTCTCCTAATTGTTATACATACTCGGGAGTAAGAAGCCCACCTACGAAAGTGGCTTTATCAACCTTGACCCCACGAAAGCTGTGGCC","167"
"OTU00124","OTU00124","Eukaryota","Metazoa","Chordata","Craniata","Actinopterygii","Actinopteri","Neopterygii","Teleostei","","","","Anguilliformes","","","","","Muraenidae","Muraeninae","","Gymnothorax","","Gymnothorax meleagris","AACCGCGGTTATACGAGAGGCCCGAATTGATAAAACACGGCGTAAAGTGTGATTAGAGACAATAACTAACTAGAGCCAAATACCCCTTATGCAGTCATACGCCATGGGGGTCACGAAGACCAACAACGAAAGTGGTTCTACAGTACTTGAACTCACGACAGCTAGGGCA","169"
"OTU00125","OTU00125","Eukaryota","Metazoa","Chordata","Craniata","Actinopterygii","Actinopteri","Neopterygii","Teleostei","Otomorpha","Ostariophysi","Cypriniphysae","Cypriniformes","Cyprinoidei","","","","Leuciscidae","","","","","","CACCGCGGTTAAACGAGAGGCCCTAGTTGATGATTGACGGCGTAAAGGGTGGTTAGGGGGTGGAATATAATAAAGCCGAATGGCCCTTTGGCTGTCATACGCTTCTAGGTGTCCGAAGCCCAACATACGAAAGTAGCTTTAGAAGGGTCCACCTGACGCCACGAAAGCTGAGAAA","175"
"OTU00126","OTU00126","Eukaryota","Metazoa","Chordata","Craniata","Actinopterygii","Actinopteri","Neopterygii","Teleostei","Otomorpha","Ostariophysi","Cypriniphysae","Cypriniformes","Cyprinoidei","","","","Leuciscidae","Leuciscinae","","Squalius","","Squalius cephalus","CACCGCGGTTAAACGAGAGGCCCTAGTTAATAATACACGGCGTAAAGGGTGGTTAAGGAAAACATAACAATAAAGCCGAATGGCCCTTTGGCTGTCATACGCTTCTAGGTGTCCGAAGCCCAATATACGAAAGTAGCTTTAATAAAGTCCACCTGACCCCACGAAAGCTGAGAAA","175"
"OTU00127","OTU00127","Eukaryota","Metazoa","Chordata","Craniata","Actinopterygii","Actinopteri","Neopterygii","Teleostei","Euteleosteomorpha","","","Spariformes","","","","","Lethrinidae","Lethrininae","","Lethrinus","","","CACCGCGGTTATACGAGAGGCCCAAGTTGACAACCATCGGCGTAAAGAGTGGTTAAGATGGCCCTTCCATTAAAGTCGAATATCTTCAAGGCTGTTATACGCACCCGAAGACTAGAAGCCCAACTACGAAAGTGACTTTATCTTATCTGACTCCACAAAAGCTAGGGCA","169"
"OTU00128","OTU00128","Eukaryota","Metazoa","Chordata","Craniata","Actinopterygii","Actinopteri","Neopterygii","Teleostei","Euteleosteomorpha","","","Tetraodontiformes","","","","Balistoidea","Balistidae","","","Odonus","","Odonus niger","CACCGCGGTTATACGAGAGGCCCAAGCTGACAGACACCGGCGTAAAGAGTGGTTAGGAAAACACGATAAATTAGAGCCGAACGCTCCCAAAGCTGTCATACGCACCCGAGAGTAAGAAGTACAACAACGAAAGTAGCTCTATTAATTCTGAACCCACGAAAGCTAAGGCA","170"
"OTU00129","OTU00129","Eukaryota","Metazoa","Chordata","Craniata","","Chondrichthyes","Elasmobranchii","","","","Batoidea","Myliobatiformes","","","","Dasyatoidea","Dasyatidae","","","","","","CACCGCGGTTATACGAGTGACACAAACTAATATTACACGGCGTTAGGGGTGATTAAAACCATTCTTTTTAAAAATAAAGTTAAGACAACATCAAACTGTTATACGTTCTCATGTTTAAAAACATCACTTACGAAAGTAACTTTATACAAAAAAGAGTTTTTGATTTCACGACAGTTAAGGCC","182"
"OTU00130","OTU00130","Eukaryota","Metazoa","Chordata","Craniata","Actinopterygii","Actinopteri","Neopterygii","Teleostei","Euteleosteomorpha","","","Blenniiformes","Blennioidei","","","","Blenniidae","Blenniinae","","Petroscirtes","","Petroscirtes mitratus","CACCGCGGTTATACGAGAGGCCCAAGCTGACAGCCCATCGGCGTAAAGAGTGGTTAAAATACTAGTCAATTAAAGTCAAACCCCTCCCCAACTGTTGTACGTATTTGGAGGGATGAAGCCCCACAACGAAAGTAACTTTAATATTATTGAACCCACGAAAGCTATGGCA","169"
"OTU00131","OTU00131","Eukaryota","Metazoa","Chordata","Craniata","Sarcopterygii","Mammalia","","","","","Laurasiatheria","Chiroptera","Megachiroptera","","","","Pteropodidae","Pteropodinae","Epomophorini","Epomophorus","","Epomophorus crypturus","CACCGCGGCCATACGATTAACCCAAGTTAATAGACATACGGCGTAAAGCGTGTTTAGAAGCCCCCATCAATAAAGTTAAATCTGAGTTATGCCGTAGAAAGCTTTAGCTCAGACAAAAACAAACCACGAAAGTGACTTTAAATATTTCGACACACGAAAGCCGAGACA","168"
"OTU00132","OTU00132","Eukaryota","Metazoa","Chordata","Craniata","Actinopterygii","Actinopteri","Neopterygii","Teleostei","Euteleosteomorpha","","","Mugiliformes","","","","","Mugilidae","","","Chelon","","","CACCGCGGTTATACGAGAGGCCCAAGCTGACAGCCCCCGGCGTAAAGAGTGGTTAAGTTAACCCCAACGTGACTAAAGTCGAACGCCCTCAAGACCGTTATACGTGCTCGGAGGTATGAAGCCCAACTACGAAAGTGGCTTTAAGATACCTGACCCCACGAAAGCTGTGAAA","172"
"OTU00133","OTU00133","Eukaryota","Metazoa","Chordata","Craniata","Actinopterygii","Actinopteri","Neopterygii","Teleostei","Euteleosteomorpha","","","Pleuronectiformes","Pleuronectoidei","","","","Soleidae","","","Solea","","","CACCGCGGTGATACGAGAGGCTCAAGTTGACAAATACGGCATAAAGTGTGGTTAGGGATTTTTACAAACTAAAGTCAAACGTCTTCAAAGCTGTTATACGCACTCGAAGATATGAAGCCCAATCACGAAAGTAACTTTAATTCCCCCTGAACCCACGAAAGCTAAGGAA","169"
"OTU00134","OTU00134","Eukaryota","Metazoa","Chordata","Craniata","Actinopterygii","Actinopteri","Neopterygii","Teleostei","Euteleosteomorpha","","","Spariformes","","","","","Sparidae","","","","","","CACCGCGGTTATACGGGAGACCCAAGTTGTTAGAAGTCGGCGTAAAGGGTGGTTAAGAACAAGCTTGAAATTAAAGCCGAACGCCTTCCGAGCTGTTATACGCATCCGGAGGTAAGAAGCTCACCTACGAAAGTAGCTTTATATTTTCTGAACCCACGAAAGCTAAGACA","170"
"OTU00135","OTU00135","Eukaryota","Metazoa","Chordata","Craniata","Actinopterygii","Actinopteri","Neopterygii","Teleostei","Euteleosteomorpha","","","Spariformes","","","","","Sparidae","","","Acanthopagrus","","","CACCGCGGTTATACGGGAGGCCCAAGTTGTTAGAAGTCGGCGTAAAGGGTGGTTAAGAACAAAATTAAATTAAAGCCGAACATCTTCCGAGCTGTTATACGCTTTCGAAGGTAAGAAGCTCAAATGCGAAAGTAGCTTTATATATTCTGAATCCACGAGAGCTGAGATA","169"
"OTU00136","OTU00136","Eukaryota","Metazoa","Chordata","Craniata","Actinopterygii","Actinopteri","Neopterygii","Teleostei","Euteleosteomorpha","","","Spariformes","","","","","Sparidae","","","","","","CACCGCGGTTATACGGGAGACCTAAGTTGTTAGAAGTCGGCGTAAAGTGTGGTTAAGAGCAAGCTTAAAATTAAAGCCGAACACCTTCCGAGCTGTTATACGCATCCGAAAGTAAGAAGCCCACTTACGAAAGTAGCTTTATACTCTCTGAACCCACGAAAGCTAGGGTA","170"
"OTU00137","OTU00137","Eukaryota","Metazoa","Chordata","Craniata","Actinopterygii","Actinopteri","Neopterygii","Teleostei","Otomorpha","Ostariophysi","Characiphysae","Siluriformes","Siluroidei","","","","","","","","","","CACCGCGGTTATACGAGTGACCCCAGTTGACAACCACGGCGTAAAGGGTGGTTAAGGAATATAACAAATAAAGCCAAAAACCCTCTAAGCCGTCATACGCACTCCGAGAGTACGAAGCCCCCACACGAAAGTAGCTTTAAATAATTTTACCTGACCCCACGAAAGCTAAGAAA","173"
"OTU00138","OTU00138","Eukaryota","Metazoa","Chordata","Craniata","Actinopterygii","Actinopteri","Neopterygii","Teleostei","Euteleosteomorpha","","Atherinomorphae","Cyprinodontiformes","Cyprinodontoidei","","","","Poeciliidae","Poeciliinae","","Gambusia","","","CACCGCGGTTATACGAGAGGCCCAAGTTGATAAAATACGGCGTAAAGCGTGGTTAAAAGCCCCCACTAAACTAAGACTAAACCTTTCCAAAGCTGTTATACGCACCCGGAAATATGAAACTCAACTACGAAAGTGGCCTTAATTTCCCCTTGACCCCACGAAAGCTGCGAAA","172"
"OTU00139","OTU00139","Eukaryota","Metazoa","Chordata","Craniata","Sarcopterygii","Mammalia","","","","","Euarchontoglires","Primates","Haplorrhini","Simiiformes","Catarrhini","","","","","","","","CACCGCGGCCATACGATTAACCCAAGCTAATAAAACTCGGCATAAAGAGTGTTTAAGGTCTTCAGTCAACAAAGTTAAGCTCTATCTAAATCGTAAAAATCTCCAGCTGAAATAAAATATACTACGAAAGGGACTTTAATGTCCTGAGGACACAACAGCTAAGGCA","166"
"OTU00140","OTU00140","Eukaryota","Metazoa","Chordata","Craniata","Actinopterygii","Actinopteri","Neopterygii","Teleostei","Euteleosteomorpha","","","","","","","","","","","","","","CACCGCGGTTATACGAGGGGCCCAAGTTGACCACACTCGGCGTAAGGGGTGGTTAAAGAAACATTAAACTAAAGCCGAACGCTCTCCTAATTGTTACACATACTCGAGAGTAGGAAGCCCTTCTACGAAAGTGACTTTATTAGCCTTGACCCCACGAAAACTGTGACA","168"
"OTU00141","OTU00141","Eukaryota","Metazoa","Chordata","Craniata","Sarcopterygii","Aves","","Neognathae","","","","Columbiformes","","","","","Columbidae","","","Treron","","","CACCGCGGTCACACAAGAGACCCAAGTTAATTGTACGCGGCGTAAAGAGTGGACCCACGATATCATAATAATTAAGGCCAAAACGTAACTGAGCTGTCATAAGCCCAAGATACACCCAAAACCGCCCTAAATACGACCCTAATCCGCATGATAGACTAAATTCCACGAAAGCTAGGGCA","179"
"OTU00142","OTU00142","Eukaryota","Metazoa","Chordata","Craniata","Actinopterygii","Actinopteri","Neopterygii","Teleostei","Euteleosteomorpha","","","Mugiliformes","","","","","Mugilidae","","","Chelon","","","CACCGCGGTTATACGAGAGGCCCAAGCTGACAGCCCCCGGCGTAAAGAGTGGTTAAGTTAACCCCAACGTGACTAAAGTCGAACACCCCCAAGACCGTTATACGTGCTCGGAGGTATGAAGCCCAACTACGAAAGTGGCTTTAAGATACCTGACCCCACGAAAGCTGTGAAA","172"
"OTU00143","OTU00143","Eukaryota","Metazoa","Chordata","Craniata","Actinopterygii","Actinopteri","Neopterygii","Teleostei","Euteleosteomorpha","","","Mugiliformes","","","","","Mugilidae","","","Chelon","","","CACCGCGGTTAGACGAGAGGCCCAAGTTGACAGCCCCCGGCGTAAAGCGTGGTTAAGTTAACCCCAACATGACTAAAGCCGAACGCCTCCAATACTGTTATACGCATTCGGAGGTATGAAGCTCAACTACGAAAGTGGCTTTAAAATACCTGACCCCACGAAAGCTGCGAAA","172"
"OTU00144","OTU00144","Eukaryota","Metazoa","Chordata","Craniata","Actinopterygii","Actinopteri","Neopterygii","Teleostei","Euteleosteomorpha","","","Centrarchiformes","","","","Cirrhitioidei","Cheilodactylidae","","","Cheilodactylus","","","CACCGCGGTTATACGAGAGGCCCAAGTTGATAAACCCCGGCGTAAAGAGTGGTTAAGATAAATAAAACACTAAGGCCGAACGCCCCCTAGGCTGTTATACGCATCCGGGGGTAAGAAGTTCAACCGCGAAAGTGGCCTTACATTTCCTGAACCCACGAAAGCTAGGATA","169"
"OTU00145","OTU00145","Eukaryota","Metazoa","Chordata","Craniata","Actinopterygii","Actinopteri","Neopterygii","Teleostei","Euteleosteomorpha","","","Scombriformes","","","","","Pomatomidae","","","Pomatomus","","Pomatomus saltatrix","CACCGCGGTTATACGAGAGGCCCAAGTTGACAGATACCGGCGTAAAGAGTGGTTAAGGAAAGCCTGAAACTAAAGCCGAATACCTTCAGAGCAGTTATACGCATCCGAAAACACGAAGCCCTACCACGAAAGTGGCTTTACCATTCCTGACCCCACGAAAGCTATGATA","169"
"OTU00146","OTU00146","Eukaryota","Metazoa","Chordata","Craniata","Actinopterygii","Actinopteri","Neopterygii","Teleostei","","","","Anguilliformes","","","","","Congridae","Heterocongrinae","","Gorgasia","","","CACCGCGGTTATACGAGAGGCTCAAATTGACACTCATAACGGCGTAAAGTGTGATTAGAGAAAAAAAGAAATAAAGCCAAACAACCCCCAAGCTGTCATACGCTAATAGGACTAGAAGAACCACAACGAAAGTAGCTTTAAAGACCTTGAACTCACGACCATTAAGAAA","169"
"OTU00147","OTU00147","Eukaryota","Metazoa","Chordata","Craniata","Sarcopterygii","Mammalia","","","","","Euarchontoglires","Primates","Haplorrhini","Simiiformes","Catarrhini","Cercopithecoidea","Cercopithecidae","Cercopithecinae","","Chlorocebus","","","CACCGCGGCCATACGATTAGCCCGAGCCAATAGAGACCGGCGTAGAGAGTGTTTTAGACCCAACCTAATTAAAGCTAAACCCCGCCTAAACTGTAAAATCCTAGCTAACATAAAATAAACTACGAAAGTGGCTTTAAAACCTCTGAATACACAACAGCTAAGACC","165"
"OTU00148","OTU00148","Eukaryota","Metazoa","Chordata","Craniata","Actinopterygii","Actinopteri","Neopterygii","Teleostei","Euteleosteomorpha","","","","","","","","","","","","","","CACCGCGGTTATACGAGAGGCCCAAGTTGACTACACTCGGCGTAAAGAGTGGTTAAAAAAAACATGAACTAAAGCCGAACACCCCCCTAATTGTTATACATACTCGGGAGTACGAAGCCCCTGTACGAAAGTCGCTTTAATAACCTTGACCCCACGAAAGCTGTGGCA","168"
"OTU00149","OTU00149","Eukaryota","Metazoa","Chordata","Craniata","Actinopterygii","Actinopteri","Neopterygii","Teleostei","Euteleosteomorpha","","","","","","","","","","","","","","CACCGCGGTTATACGAGGGGCCCAAGTTGACCACACTCGGCGTAAAGAGTGGTTAAAAGAACATAAACTAAAGCCGAATACTCTTCTAATCGTTACACATACTCAAGAGTGAGAAGCCCACCTACGAAAGTGACTTTATTAATTTGACCCCACGAAAGCTGTGGCC","166"
"OTU00150","OTU00150","Eukaryota","Metazoa","Chordata","Craniata","Actinopterygii","Actinopteri","Neopterygii","Teleostei","Euteleosteomorpha","","","Gobiiformes","Gobioidei","","","","Gobiidae","Oxudercinae","","Periophthalmus","","","CACCGCGGTTATACGAGGGGCCCAAGTTGACAAATGCCGGCGTAAAAAGTGGTTAGTAAACACACATTAACTAAAGCCAAACACCTTCAAAGCTGTTATATGCTCTCGAAGATAGGAAGCCCTACCACGAAAGTGGCTTTAAAATTTACAAGCCCACGAAAGCTAGGAAA","170"
"OTU00151","OTU00151","Eukaryota","Metazoa","Chordata","Craniata","","Chondrichthyes","Elasmobranchii","","","","Batoidea","Rajiformes","","","","","Rajidae","","","","","","CACCGCGGTTATACGAGTAACTCACATTAATATTTCACGGCGTAAAGGGTGATTAAAAGTTTCTAAAAAGTACTAGAGCTATAACCTTATAAAGCTGTCATACGCACCTATAAAAGGAACAATACATTGACGAAAGTAACTTTAACTAGCCAGAGCTTTTGACCTCACGACAGTTAAGACA","181"
"OTU00152","OTU00152","Eukaryota","Metazoa","Chordata","Craniata","Actinopterygii","Actinopteri","Neopterygii","Teleostei","Euteleosteomorpha","","","Centrarchiformes","","","","","","","","","","","CACCGCGGTTATACGAGTGACCCAAGTTGATAGCCCACGGCGTAAAGAGTGGTTAAGGTGAATTTTATACTAAAGCCGAACGCCCCCCATGCTGTTATACGCATACTGAGGATAAGAAGTTCAATGACGAAAGTAGCTTTACACCCCTGAACCCACGAAAGCTGAGGCA","169"
"OTU00153","OTU00153","Eukaryota","Metazoa","Chordata","Craniata","Actinopterygii","Actinopteri","Neopterygii","Teleostei","Euteleosteomorpha","","","Spariformes","","","","","Sparidae","","","","","","CACCGCGGTTATACGGGAGACCCAAGTTGTTAGAAGTCGGCGTAAAGAGTGGTTAAGAGCAAGCTTAAAATTAAAGCCGAACACCTTCCAGGCTGTTATACGCATCCGAAGGTAAGAAGCCCACTCACGAAAGTAGCTTTATATCCTCTGAATCCACGAAAGCTAAGATA","170"
"OTU00154","OTU00154","Eukaryota","Metazoa","Chordata","Craniata","Sarcopterygii","Aves","","Neognathae","","","","Pelecaniformes","","","","","Ardeidae","","","Ardea","","","CACCGCGGTCACACAAGAGACCCAAATTAACTGTAACACGGCGTAAAGAGTGGCAGCACGCTATCACACCAACTAAGATCGAAATGCAACTGAGCTGTCATAAGCCCAAGCTGCACCTAAGACCACCCTAAAAACAATCTTAGCATCTGCGATTGATAAAACCCACGAAAGCTAAGACC","179"
"OTU00155","OTU00155","Eukaryota","Metazoa","Chordata","Craniata","","Chondrichthyes","Elasmobranchii","","","","Batoidea","Rhinopristiformes","","","","","","","","","","","CACCGCGGTTATACGAGTGACTCACATTAATACTCCACGGCGTAAAGGGTGATTAAAAATTATCTAACTTATACTAAAGTTAAGACCTCATCAAGCTGTTATACGCACCCATGAGTGGAATATTCATCAACGAAAGTAACTTTACTTAAACAGAATTTTTGACCTCACGACAGTTAAGACC","181"
"OTU00156","OTU00156","Eukaryota","Metazoa","Chordata","Craniata","Actinopterygii","Actinopteri","Neopterygii","Teleostei","Euteleosteomorpha","","","Gobiiformes","Gobioidei","","","","Gobiidae","Gobiinae","","Psammogobius","","Psammogobius biocellatus","CACCGCGGTTATACGAGAGGCCCAAGTTGACAAACAACCGGCGTAAAGAGTGGTTAATAGTAACTTAACTAAAGCCGAACACCTCCAAGGCTGTTATACGCACCCGAAGGCAGGAAGCCCTCCCACGAAAGTGGCTTTAATATACTATGACCCCACGAACGCTAGGACA","169"
"OTU00157","OTU00157","Eukaryota","Metazoa","Chordata","Craniata","Sarcopterygii","Mammalia","","","","","Euarchontoglires","Primates","Haplorrhini","Simiiformes","Catarrhini","","","","","","","","CACTGAGGTCATATGATTAACCCAAATCAATAGTACCCAACACGTTTATGATTATGTCTAACTAAAGCTAAACTGTAAGCCATAAAAGGCAATAGCTAAAATGAAAATAAACTATGAAAGTGACTTTATTATGTTCTGAATTTAAAATAGCTAAGACC","158"
"OTU00158","OTU00158","Eukaryota","Metazoa","Chordata","Craniata","Actinopterygii","Actinopteri","Neopterygii","Teleostei","Euteleosteomorpha","","","Blenniiformes","Blennioidei","","","","Blenniidae","Salariinae","","Parablennius","","Parablennius yatabei","CACCGCGGTTATACGAGAGGCCCAAGCTGACAGCCCTTCGGCGTAAAGCGTGGTTAAAAGAAGTAAGTAAATTAAAGCCGAATGCTCCCTAAGCTGTTATACGCTCTCGAGAGTTAGAAGTTCTTTTACGAAAGTAGCTTTATTATATTGAACCCACGAAAGCTAAGATA","170"
"OTU00159","OTU00159","Eukaryota","Metazoa","Chordata","Craniata","Actinopterygii","Actinopteri","Neopterygii","Teleostei","Euteleosteomorpha","","","Gobiiformes","Gobioidei","","","","Gobiidae","Gobiinae","","","","","CACCGCGGTTATACGAGAGGCCCAAGTTGATAAGCAGTCGGCGTAAAGAGTGGTTAATAGTTTTTATACTAAAGCCGAACACCCTCAAGGCTGTTATACGCATCTGAGGACAGGAAGCCCGCTAACGAAAGTAGCTTTATATAATATTGAACCCACGAATGCTAGGGCA","169"
"OTU00160","OTU00160","Eukaryota","Metazoa","Chordata","Craniata","Actinopterygii","Actinopteri","Neopterygii","Teleostei","Otomorpha","Ostariophysi","Characiphysae","Siluriformes","Siluroidei","","","","Plotosidae","","","Plotosus","","","CACCGCGGTTATACGAAAGACCCTAGTTGATACTCACGGCGTAAAGGGTGGTTAAGGGCAATACACAATAAAGCCAAAGATCTTCTAAGCCGTTATACGCACCCCGAAAGTCACGAAGCCCAAATACGAAAGTAGCTTTAAAACAAGCCTGACCCCACGAAAGCTAAGAAA","171"
"OTU00161","OTU00161","Eukaryota","Metazoa","Chordata","Craniata","Actinopterygii","Actinopteri","Neopterygii","Teleostei","Euteleosteomorpha","","","Gobiiformes","Eleotroidei","","","","Eleotridae","Eleotrinae","","Eleotris","","","CGCCGCGGTTATACGAGGGGCTCAAGTTGATGGCCCTCGGCGTAAAGAGTGGTTAAGAAATATAACACTAAAGCCAAACACCTTCATAGCTGTCATACGCACTTGAAGACAGGAAGACCTTCCACGAAAGTGGCTTTAAAAACTCTGAACCCACGAAAGCTAGGATA","167"
"OTU00162","OTU00162","Eukaryota","Metazoa","Chordata","Craniata","Sarcopterygii","Aves","","Neognathae","","","","Charadriiformes","","","","","Charadriidae","","","Charadrius","","","CACCGCGGTCACACAAGAAACCCAAATTAACCGTATGCGGCGTAAAGAGTGGTACTAGATTATCAAGGAAACTAAGATCGAAATGCAACTGAGCAGTCATAAGCCCAAGATGCACCTAAGGCCACCCTTAAGACGATCTCAGTGCCCTATGACCAATTAAACCCCACGAAAGCTAAGGCC","180"
"OTU00163","OTU00163","Eukaryota","Metazoa","Chordata","Craniata","Sarcopterygii","Mammalia","","","","","Euarchontoglires","Primates","Haplorrhini","Simiiformes","Catarrhini","Hominoidea","Hominidae","Homininae","","Homo","","Homo sapiens","CACCACACGATTAACCCGAGCTAATGGAACTCAGCGTAAAGAGTGTTTAAGGTCTGCCCTCAATAAAGTTAAAGCCCATCTAAGTTGTAAAAAACTCCAGCTGAAATAAAATGTACTACAAAAGTAGCTTTAATACCCTGAAGACACAATAGCTAAGACC","160"
"OTU00164","OTU00164","Eukaryota","Metazoa","Chordata","Craniata","Actinopterygii","Actinopteri","Neopterygii","Teleostei","Euteleosteomorpha","","","Uranoscopiformes","","","","","Ammodytidae","","","Ammodytes","","","CACCGCGGTTATACGAGAGGCCCAAGCTGATAGACCCCGGCGTAAAGAGTGGTTAAGGTGAATACAAAACTAAAGCCGAACTCTCTCATGGCTGTTATACGCACCCGAGAATAAGAAGATCAACTACGAAAGTGGCTTTACAGCCCCTGAACCCACGAAAGCTAAGGAA","169"
"OTU00165","OTU00165","Eukaryota","Metazoa","Chordata","Craniata","","Chondrichthyes","Elasmobranchii","","","","Batoidea","Torpediniformes","","","","","Torpedinidae","","","Torpedo","","","CACCGCGGTTATACGAGTGACACACATTAATACTCCACGGCGTAAAGGGTGATTTAAAAATTTCTTAACATTGTTAAAGTTAAAACTTTATATAGCTGTTATACGCACTCATAAACAAGAAACTCACTAACGAAGGTGACTTTATAAAAACTGATTTTTTGACCTCACGACAATTAAAATC","181"
"OTU00166","OTU00166","Eukaryota","Metazoa","Chordata","Craniata","Actinopterygii","Actinopteri","Neopterygii","Teleostei","Euteleosteomorpha","","","Mugiliformes","","","","","Mugilidae","","","Planiliza","","","CACCGCGGTTATACGAGAGGTCCAAGCTGACAGCCATCGGCGTAAAGAGTGGTTAAGTTACCCAATACAACTAAAGTCGAACGCCCCAAAGACCGTTATACGCGCTCGGAGGTATGAAGCCCAACTACGAAAGTGGCTTTAAATTTTCTGACCCCACGAAAGCTGTGAAA","170"
"OTU00167","OTU00167","Eukaryota","Metazoa","Chordata","Craniata","Actinopterygii","Actinopteri","Neopterygii","Teleostei","Otomorpha","Clupei","","Clupeiformes","Clupeoidei","","","","","","","","","","CACCGCGGTTATACGAGAGGCCCTAGTTGACACAACCGGCGTAAAGAGTGGTTTTGGAGGAAATTAAACTAGAGCTAAAGTCTCCTAGGGCCGTTATACGCACTCCGGGAGCTCGAAACACTAAAACGAAAGTAGCCCTATCCACCATCTACCAGACTCCACGACAGCTGAGGCA","175"
"OTU00168","OTU00168","Eukaryota","Metazoa","Chordata","Craniata","Actinopterygii","Actinopteri","Neopterygii","Teleostei","Euteleosteomorpha","","","Blenniiformes","Blennioidei","","","","Clinidae","","","","","","CACCGCGGTTATACGAGAGGCCCAAGTTGACCACACTCGGCGTAAAGAGTGGTTAAAAATACATAAACTAAAGCCAAATACTCTCCTAGTCGTTACACATACTCGAGAGCAAGAAGCCCACCTACGAAAGTGGCTTTATTAACCTTGACCCCACGAAAGCTGTGGCC","167"
"OTU00169","OTU00169","Eukaryota","Metazoa","Chordata","Craniata","Actinopterygii","Actinopteri","Neopterygii","Teleostei","Euteleosteomorpha","","","Centrarchiformes","","","","Terapontoidei","","","","","","","CACCGCGGTTATACGAGAGACTCAAGTTGATAGACTGCGGCGTAAAGAGTGGTTAAGCCAATAATTTAAACTAAAGCCGAAGGCCCTCAGAGCTGTTATACGCTTCCGAAGGTATGAAGTTCAATCACGAAAGTGGCTTTATGATAGCTGAACCCACGTAAGCTATGGCA","170"
"OTU00170","OTU00170","Eukaryota","Metazoa","Chordata","Craniata","Actinopterygii","Actinopteri","Neopterygii","Teleostei","","","","Anguilliformes","","","","","Ophichthidae","Ophichthinae","","Pisodonophis","","","CACCGCGGTTATACGAAGAGGCTCAAATTGATACTTCACGGCGTAAAGCGTGATTAGAGGAAACAAAAACTAAAGCCGAACACCTCCTTAGCTGTTATACGCCTAAAGACACACGAAGCCCTACAACGAAAGTAGCTTTAACTAAAAACCTTGAATTCACGAAAATTAAGAAA","173"
"OTU00171","OTU00171","Eukaryota","Metazoa","Chordata","Craniata","Actinopterygii","Actinopteri","Neopterygii","Teleostei","Euteleosteomorpha","","","Gobiiformes","Gobioidei","","","","Gobiidae","Gobionellinae","","Pandaka","","","CACCGCGGTTATACGAGAGGCCCAAGTTGATAGCAACCGGCATAAAAAGTGGATTGAAATAATAACTAGAGCCAAACACTTTCAAGGCAGTTATATGCTCACGAAAACAGGAGGCCCCATCACGAAAGTAGCTCTAAGCAATTTTACCACGAAAGCTAGGGCA","163"
"OTU00172","OTU00172","Eukaryota","Metazoa","Chordata","Craniata","Sarcopterygii","Aves","","Neognathae","","","","Charadriiformes","","","","","Scolopacidae","","","","","","CACCGCGGTCACACAAGAGACCCAAATTAACTGTATGCGGCGTAAAGAGTGGTATCATGTTATCACAACAACTAAGACCAAAGCACAGCTAAGCCGTCATAAGCTCAAGATATGCCTAAAGCCTCTCTCAAAACAATCTTAGCATTTTTTGATTAATTTAATTCCACGAAAGCTAAGGCA","180"
"OTU00173","OTU00173","Eukaryota","Metazoa","Chordata","Craniata","Actinopterygii","Actinopteri","Neopterygii","Teleostei","","","","Anguilliformes","","","","","Muraenidae","Muraeninae","","Echidna","","Echidna nebulosa","AACCGCGGTTATACGAGAGGCCCAAATTGACGCACCACGGCGTAAAGTGTGATTAGAGATCAACCCAGACTAAAGCCGAACACCCCTTATGCTGTCATACGCCATGGGGGTCACGAAGCTCAACAGCGAAAGTGGCTTTATGAATCTTGAACTCACGACAGCTAGGACA","169"
"OTU00174","OTU00174","Eukaryota","Metazoa","Chordata","Craniata","Actinopterygii","Actinopteri","Neopterygii","Teleostei","Euteleosteomorpha","","","Syngnathiformes","Mulloidea","","","","Mullidae","","","Parupeneus","","","AACCGCGGTTATACGAGAGGCCCAAGTTGATAGGATTCGGCGTAAAGGGTGGTTAAGGGTTACTAAAAATAAAGCCGAACGTTCTCAATGCTGTTATACGCTCCCGAGGACTCGAAGCCCCACCACGAAAGTGGCTTTACCCCGCCCCGAACCCACGAAAGCCAGGGTA","169"
"OTU00175","OTU00175","Eukaryota","Metazoa","Chordata","Craniata","Actinopterygii","Actinopteri","Neopterygii","Teleostei","Euteleosteomorpha","","","","","","","","","","","","","","CACCGCGGTTATACGAGAGGCCCAAGTTGACACACACCGGCGTAAAGCGTGGTTAATGGTTATAAAACTAAAGTTAAACTCCTTCAAAGCTGTTATACGCATCCGAAAGAAAGAAAACCTATAACGAAAGTAACTTTAAACACCCATGACCCCACGAAAGCTAAGACA","168"
"OTU00176","OTU00176","Eukaryota","Metazoa","Chordata","Craniata","Actinopterygii","Actinopteri","Neopterygii","Teleostei","Euteleosteomorpha","","","","","","","","","","","","","","CACCGCGGTTATACGAGTGACCCAAGTTGATAGAGCACGGCGTAAAGGGTGGTTAATATACAATGTAACTAAAGCCGAATAATCTCAGAGCTGTTATACGTGCCCGAGAAATGTAAGCCCTTTAACGAAAGTAGCTTTATATAGATGACACCACGAGAGCTGTGAAA","167"
"OTU00177","OTU00177","","","","","","","","","","","","","","","","","","","","","","","AGCCGCGGTTACACCTTAGAGCCAAGTTATTAATAAATAGTTAGGTGGTTAGCAATATGGACATAAAACAGTCTAGGGGTGTTAATTAGAGGTAAAATTCCAAAAAGCACCTTAAGGCTTACACTGTTTTCATTGTGAGGCCACGAAAGTTAGGAGG","157"
"OTU00178","OTU00178","Eukaryota","Metazoa","Chordata","Craniata","Sarcopterygii","Mammalia","","","","","Euarchontoglires","Primates","Haplorrhini","Simiiformes","Catarrhini","Hominoidea","Hominidae","Homininae","","Homo","","Homo sapiens","CACCGCGGTCACACGATTAACCCAAGTCAATAGAAACCGGCATAAAGAGTGTTTTAGATCAATTCCCCTCAATAAAGCTAAAATTCACGTGAGTTGTAAAAAACTCCAGTTGATACAAAATAAACTACGAAAGTGGCTTTAATGCATCTGAACACAGAATAACTAAGACC","170"
"OTU00179","OTU00179","Eukaryota","Metazoa","Chordata","Craniata","Actinopterygii","Actinopteri","Neopterygii","Teleostei","Otomorpha","Ostariophysi","Characiphysae","Siluriformes","Siluroidei","","","","","","","","","","CACCGCGGTTATACGAAAGGCCCAAGTTGATAATTGCGGCGTAAAGCGTGGTTAAGGAGAAATAATAAAATAAAGCCAAAGACCTTCTAAGCCGTTATACGCACCCCGAAGGCATGAAGCCCTAACACGAAAGTAGCTTTACCCAAACAAAGCCTGATCCCACGAAAGCTAAGAAA","176"
"OTU00180","OTU00180","Eukaryota","Metazoa","Chordata","Craniata","Sarcopterygii","Aves","","Neognathae","","","","","","","","","","","","","","","CACCGCGGTCATACAAGAAACCCAAGTTAACCAAATACGGCGTAAAGAGTGGCATCATGTTATCACACAAACTAAGATCAAAATACAACTAGGCTGTAATAAGCTTAAGATGTACCAAAGACCCCTTTAAAAAACAATCTTAGCCCACATGCAGGATCAATTAACCTCCACGAAAGCCAGGACA","184"
"OTU00181","OTU00181","Eukaryota","Metazoa","Chordata","Craniata","","Chondrichthyes","Elasmobranchii","","","","Batoidea","Myliobatiformes","","","","Urolophoidea","Gymnuridae","","","Gymnura","","Gymnura altavela","CACCGCGGTTACACGAGTAACACAAATTAATATTTACCGGCGTTAAGGGTGATTAGAAAAAAAATCTCATTTTTAAATAAAGTTAAGGCCTCATCAAGCTGTCATACGCTCCCATGCTTAAAAACACCATTCACGAAAGTAACTTTAACACAACAGAATTTTTGACCTCACGACAGTTAAGACC","184"
"OTU00182","OTU00182","Eukaryota","Metazoa","Chordata","Craniata","","Chondrichthyes","Elasmobranchii","","","","Batoidea","Myliobatiformes","","","","","Myliobatidae","Myliobatinae","","Aetobatus","","","CACCGCGGTTATACGAGCAACCCAAGTTAATATTTCCACGGCGTTAAGGGTGATTAAAAAAAATCTTACCACAAGTAAAGTTAATACCACATTAAGTCGTCATACACTCCCATGTTTGGAAATATCAATTACAAAAGTAACTTTACACAAAAAGAACTTTCGACCTCACGACAGTTAAGACC","182"
"OTU00183","OTU00183","Eukaryota","Metazoa","Chordata","Craniata","Actinopterygii","Actinopteri","Neopterygii","Teleostei","Euteleosteomorpha","","Atherinomorphae","Atheriniformes","","","","","Atherinidae","Atherininae","","Atherina","","","TACCGCGGTTATACGAGAGGCCCAAGTTGATACCCGCCGGCGTAAAGAGTGGTTAAGAAAATCTAAAACTAAAGCCGAACACTCTCAAGGCTGTTATACGCACCCGAGAGCAAGAAGCCCCCTCACGAAAGTAGCTTTAATCATTCTGACCCCACGAAAGCTGTGAAA","168"
"OTU00184","OTU00184","Eukaryota","Metazoa","Chordata","Craniata","Sarcopterygii","Aves","","Neognathae","","","","","","","","","","","","","","","CACCGCGGTCAGACAAGAAACCCAAATTAACCGTCATGCGGCGTAAAGAGTGGCCTCAACTTATTACAACAACTAGGACTAAAATGTAACCAAGCTGTCATAAGCCTAAGATACACATAAACTCGCCCTTAACATGGTCTTAGCATTAACAATCAACTGTCGCCACGAAAGCTAGGGCC","179"
"OTU00185","OTU00185","Eukaryota","Metazoa","Chordata","Craniata","Actinopterygii","Actinopteri","Neopterygii","Teleostei","Euteleosteomorpha","","","Blenniiformes","Blennioidei","","","","Blenniidae","Blenniinae","","Omobranchus","","","CACCGCGGTTATACGAGGGGCCCAAGCTGACAACCATCGGCGTAAAGAGTGGTTAAATTAAATAAATAAAATAAAGCCGAATGCTTTCTTAACTGTTATACGTACTCGAAAGCCAGAAGTCCCCCTACGAAAGTAGCTTTAATTATATTGAACCCACGAAAGCTAGGATA","170"
"OTU00186","OTU00186","Eukaryota","Metazoa","Chordata","Craniata","Sarcopterygii","Mammalia","","","","","Euarchontoglires","Rodentia","Myomorpha","","","","Muridae","Murinae","","Grammomys","","","CACCGCGGTCATACGATTAACCCAAATTAATTATTCTCGGCGTAAAACGTGGTAACTATAATTAAATCAATAGAATTAAAACCCAACTAATATGTGAAAATCCATTGTTAGGACCTAAAAACAATAACGAAGGTAATTCTAATTTTACTTACACGATAGCTAAGACC","167"
"OTU00187","OTU00187","Eukaryota","Metazoa","Chordata","Craniata","Actinopterygii","Actinopteri","Neopterygii","Teleostei","Euteleosteomorpha","","","Tetraodontiformes","","","","Balistoidea","Monacanthidae","","","","","","CACCGCGGTTACACGGGGGGCCCAAGCCGACAGACATCGGCGTAAAGCGTGGTTAGGAACCCTAATCGAAATTAGAGCCGAATGCTTTCAAAGCTGTTATACGCACCCGAAAGCTAGAAGCACAACTACGAAGGTGGCTTTATTTCTTCTGAATCCACGAAAGCTAGGGCA","171"
"OTU00188","OTU00188","Eukaryota","Metazoa","Chordata","Craniata","Sarcopterygii","Aves","","Neognathae","","","","Pelecaniformes","","","","","Ardeidae","","","Nycticorax","","Nycticorax nycticorax","CACCGCGGTCACACAAGAGACCCAAGTTAACTGTAATACGGCGTAAAGAGTGGCATTATACTATCATTCCAACTAAGATCGAAATGTAGCTGAGCTGTCATAAGCCCAAGCTGCACCTAACACCGCTCTGAAAACAATCTTAGCATCTACGATTGATAAAACCCACGAAAGCTAAGGCA","179"
"OTU00189","OTU00189","Eukaryota","Metazoa","Chordata","Craniata","Actinopterygii","Actinopteri","Neopterygii","Teleostei","Euteleosteomorpha","","","Gobiiformes","Eleotroidei","","","","Eleotridae","Eleotrinae","","Eleotris","","Eleotris fusca","CGCCGCGGTTATACGAGGGGCTCAAGTTGATACTCCTCGGCGTAAAGGGTGGTTAAGAAACCTTAAACTAAAGCCAAACATCTTCAAAGCTGTCATACGCACCCGAAGAAATGAAGACCTATCACGAAAGTAGCTTTAAAAATTCTGACCCCACGAAAGCTAGGACA","167"
"OTU00190","OTU00190","Eukaryota","Metazoa","Chordata","Craniata","Actinopterygii","Actinopteri","Neopterygii","Teleostei","Euteleosteomorpha","","","Gerreiformes","","","","","Gerreidae","","","Gerres","","","CACCGCGGTTATACGAGAGGCCCAAGTTGATAGTCACCGGCGTAAAGCGTGGTTAAGGTGAACCCAGACTAAAGTCGAACTCCTTCAAGGCCGTTTAACGTGTTCGAAACGGAGAAGCTCAACTACGAAAGTGACTTTACAAACCTGATCCCACGAAAGCTATGGCA","167"
"OTU00191","OTU00191","Eukaryota","Metazoa","Chordata","Craniata","Actinopterygii","Actinopteri","Neopterygii","Teleostei","Euteleosteomorpha","","","Mugiliformes","","","","","Mugilidae","","","","","","CACCGCGGTTATACGAGGGGCCCAAGTTGATAGAACTCGGCGTAAAGGGTGGTTAAGTTAACCCCAACGTGACTAAAGTCGAACGCCCCCAAGACCGTTATACGTGCTCGGAGGTATGAAGCCCAACTACGAAAGTGGCTTTAAGATACCTGACCCCACGAAAGCTGTGAAA","172"
"OTU00192","OTU00192","Eukaryota","Metazoa","Chordata","Craniata","Actinopterygii","Actinopteri","Neopterygii","Teleostei","Euteleosteomorpha","","","Mugiliformes","","","","","Mugilidae","","","Mugil","","","CACCGCGGTTATACGAGAGGCCCAAGTTGACAGCCATCGGCGTAAAGAGTGGTTAAGTATCTTGATAGAACTAAAGCCGAACGCCCTCAAGACCGTTATACGTTTCCGAAGGTATGAAGCCCAACTACGAAAGTAACTTTAACTATATCTGACTCCACGAAAGCTGTGAAA","171"
"OTU00193","OTU00193","Eukaryota","Metazoa","Chordata","Craniata","Actinopterygii","Actinopteri","Neopterygii","Teleostei","Euteleosteomorpha","","","Mugiliformes","","","","","Mugilidae","","","Chelon","","","CACCGCGGTTAGACGAGAGGCCCAAGTTGACAGCCCCCGGCGTAAAGCGTGGTTAAGTTAACCCCAACATGACTAAAGCCGAACGCCTCCAATACTGTTATACGCATTCGGAGGTATGAAGCTCAACTACGAAAGTGGCTTTAAACACTATTGAACCCACGAAAGCTAGGGAA","173"
"OTU00194","OTU00194","Eukaryota","Metazoa","Chordata","Craniata","Actinopterygii","Actinopteri","Neopterygii","Teleostei","Euteleosteomorpha","","","","","","","","","","","","","","CACCGCGGTTATACGGGCGGCCCGAGTTGATGAATCACGGCACAAAGCGTGGTTAGGGATAACCTCAAACTAAAGTCGAAACCTTACTAGGCTGTTTAAAGCAAATGGAAGAGTGAAGCTCAAACACGAAAGTTACTTTAATTACCCTGAACCCACGAAAGCTAAGGCA","169"
"OTU00195","OTU00195","Eukaryota","Metazoa","Chordata","Craniata","Actinopterygii","Actinopteri","Neopterygii","Teleostei","Euteleosteomorpha","","","Mugiliformes","","","","","Mugilidae","","","Chelon","","","CACCGCGGTTAGACGAGAGGCCCAAGTTGACAGCCCCCGGCGTAAAGCGTGGTTAAGTTAACCCCAACATGACTAAAGCCGAACGCCTCCAATACTGTTATACGCATTCGGAGGTATGAAGCTCAACTACGAAAGTGGCTTTATCAACCTTGACCCCACGAAAGCTGTGGCC","172"
"OTU00196","OTU00196","Eukaryota","Metazoa","Chordata","Craniata","Actinopterygii","Actinopteri","Neopterygii","Teleostei","Euteleosteomorpha","","","Mugiliformes","","","","","Mugilidae","","","","","","CACCGCGGTTATACGAGAGGTCCAAGCTGACAGCCATCGGCGTAAAGAGTGGTTAAGTTACCCCAATACAACTAAAGTCGAACGCCCCCAAGACCGTTATACGCGCTCGGAGGTATGAAGCCCAACTACGAAAGTGGCTTTAACATAATATGAACCCACGAAAGCTAAGACA","172"
"OTU00197","OTU00197","Eukaryota","Metazoa","Chordata","Craniata","Actinopterygii","Actinopteri","Neopterygii","Teleostei","Euteleosteomorpha","","","Syngnathiformes","","","","","Fistulariidae","","","Fistularia","","Fistularia commersonii","CACCGCGGTTATACGAGAGGCCCAAGTTGATAGCCTACGGCGTAAAGAGTGGTTAAGATGTCTAATTTATTAAAGCCGAATGCCCCCAAAGCTGTTATACGCTTCCGGAGGTAAGAAGAACCACCACGAAAGTGGCTTTATGTGATCTGAACCCACGAAAGCTAGGAAA","169"
"OTU00198","OTU00198","Eukaryota","Metazoa","Chordata","Craniata","Actinopterygii","Actinopteri","Neopterygii","Teleostei","Euteleosteomorpha","","","Centrarchiformes","","","","Terapontoidei","Terapontidae","","","","","","CACCGCGGTTATACGAGAGGCCCAAGTTGATAGACTACGGCGTAAAGCGTGGTTAAGAAACACATTAAACTAAAGCCGAATGCCCTCAGAGCTGTTATACGCTCACGATGGTCAGAAGCCCAATCACGAAAGTAGCTTTATATTTTCTGAACCCACGAAAGCTAAGGCA","169"
"OTU00199","OTU00199","Eukaryota","Metazoa","Chordata","Craniata","Actinopterygii","Actinopteri","Neopterygii","Teleostei","Euteleosteomorpha","","","Mugiliformes","","","","","Mugilidae","","","","","","CACCGCGGTTATACGAGAGGCCCAAGTTGATAGTTATCGGCGTAAAGAGTGGTTAAGTTAGCCCTAATAACACTAAAGCCGAACGCCCCCAAAACCGTTATACGTTCTCGGAGGTATGAAGCCCAACTACGAAAGTGGCTTTATTACATCTGAACCCACGAAAGCTATGACA","172"
"OTU00200","OTU00200","Eukaryota","Metazoa","Chordata","Craniata","Actinopterygii","Actinopteri","Neopterygii","Teleostei","Euteleosteomorpha","","","","","","","","Pomacentridae","","","Abudefduf","","Abudefduf sordidus","CACCGCGGTTATACGAGAGGCTCAAGTTGATAGACAACGGCGTAAAGAGTGGTTAAGGAACCCATTAAACTAAAGCCGAACGCCCTCAGAACTGTTATACGTTTCCGAAGGTAAGAAGCCCCACCACGAAAGTGACTTTACTTCCCCTGACCCCACGAAAGCTGCGAAA","169"
"OTU00201","OTU00201","Eukaryota","Metazoa","Chordata","Craniata","Actinopterygii","Actinopteri","Neopterygii","Teleostei","Euteleosteomorpha","","","Mugiliformes","","","","","Mugilidae","","","Mugil","","","CACCGCGGTTATACGAGAGACCCAAGCTGATAGATGCCGGCGTAAAGAGTGGTTAAGTATCTTGATAGAACTAAAGCCGAACGCCCTCAAGACCGTTATACGTTTCCGAAGGTATGAAGCCCAACTACGAAAGTGGCTTTAACCCTTCTGAACCCACGAAAGCTAGGGAA","170"
"OTU00202","OTU00202","Eukaryota","Metazoa","Chordata","Craniata","Sarcopterygii","Aves","","Neognathae","","","","Columbiformes","","","","","Columbidae","","","Turtur","","","CACCGCGGTCACACAAGAGACCCAAATTAATCGTACACGGCGTAAAGAGTGGACCCATTACTATCACACCAATTAAGGTCAAAACGTAACTGAGCTGTCATAAGCTTAAGATACATTTAAAGCCGCCCTAAAGATGACCTTAACACTCACGATCAAATAAATTCCACGAAAGCCAGGACA","180"
"OTU00203","OTU00203","Eukaryota","Metazoa","Chordata","Craniata","Actinopterygii","Actinopteri","Neopterygii","Teleostei","Euteleosteomorpha","","","Centrarchiformes","","","","Terapontoidei","Kyphosidae","Kyphosinae","","Kyphosus","","","CACCGCGGTTATACGAGAGGCCCAAGTTGATAGACTCCGGCGTAAAGAGTGGTTAAGACACATCTACGAAACTAAAGCCGAACGCCCTCAGGGCTGTTATACGCTCCCGAAGGTAAGAAGTTCAATCACGAAAGTAGCTTTACTTACCTGAAGCCACGAAAGCTATGACA","170"
"OTU00204","OTU00204","Eukaryota","Metazoa","Chordata","Craniata","Sarcopterygii","Aves","","Neognathae","","","Galloanserae","Anseriformes","","","","","Anatidae","Anatinae","","Anas","","","CACCGCGGTCATACAAGAGACCCAAATCAACTGTCCTACAAGCGGCGTAAAGAGTGGTAAGATGCCTATCCTACCTAACTAAGATCAAAATGCAACTAAGCTGTCGCAAGCACAAGATGCACCTAAACACACCATCAAGATGATCTTAGAAACTAGCGATTAATTTGAACCCACGAAAGCCAGGGCC","187"
"OTU00205","OTU00205","Eukaryota","Metazoa","Chordata","Craniata","Sarcopterygii","Mammalia","","","","","Euarchontoglires","Primates","Haplorrhini","Simiiformes","Catarrhini","Hominoidea","Hominidae","Homininae","","Homo","","Homo sapiens","CACCACAGCCATATGATTAACCCAAGCTAATAGAACTCGGCATAAAGAATGTTTAAGGTCTATCCTCAATAAAGCTAAGTTGTAAAAAACTCCATCTAAGTTGTAAAAAACTCCAGCTGAAATCAAATGTACTACAAAGTGGCTTTAATACCCTGAAGACACAATAGCTAAGACC","175"
"OTU00206","OTU00206","Eukaryota","Metazoa","Chordata","Craniata","Actinopterygii","Actinopteri","Neopterygii","Teleostei","Euteleosteomorpha","","","Lutjaniformes","","","","","Lutjanidae","Lutjaninae","","Lutjanus","","","CACCGCGGTTATACGGGAGGCCCAAGTTGTCAGAAGTCGGCGTAAAGGGTGGTTAAGATCTATTCAACACTAAAGCCGAACGCCCTCAGAGCTGTTATACGCACCCGAGGGTAAGAAGCCCAACCACGAAAGTGGCTTTAAACTATCCGAATCCACGAAAGCTATGACA","169"
"OTU00207","OTU00207","Eukaryota","Metazoa","Chordata","Craniata","Sarcopterygii","Mammalia","","","","","Laurasiatheria","Perissodactyla","","","","","Equidae","","","Equus","Asinus","Equus asinus","CACCGCGGTCATACGATTAACCCAAATTAATAAACCCTCCGGCGTAAAGCGTGTCAAAGACCCATACTAAAATAAAGTTAAAACCCAGTTAAGCTGTAAAAAGCTACAACTAAAGTAAAATAAACTACGAAAGTGACTTTAATACCTCTGACCACACGATAGCTAAGGCC","170"
"OTU00208","OTU00208","","","","","","","","","","","","","","","","","","","","","","","AGCCGCGGTTAGACGCAATGCCCAAGTCAAAACACACGGTAAAAAGATGGCCAATCTAACAAGTTGATAAAAATCTAAACAATAGGGTCAAATCACAACACCAAATAGTCCTTAATTATCACAATTACCCGCCATGACAGCTCTGAC","147"
"OTU00209","OTU00209","Eukaryota","Metazoa","Chordata","Craniata","Actinopterygii","Actinopteri","Neopterygii","Teleostei","Euteleosteomorpha","","","","","","","","","","","","","","CACCGCGGTTATACGAGAGGCCCAAGTTGACAGCCATCGGCGTAAAGAGTGGTTAAGTATCTTGATAGAACTAAAGCCGAACGCCCTCAAGACCGTTATACGTTTCCGAAGGTATGAAGCCCAACTACGAAAGTGGCTTTAACCCTTCTGAACCCACGAAAGCTAGGGAA","170"
"OTU00210","OTU00210","Eukaryota","Metazoa","Chordata","Craniata","Actinopterygii","Actinopteri","Neopterygii","Teleostei","Euteleosteomorpha","","Atherinomorphae","Atheriniformes","","","","","Atherinidae","Atherininae","","","","","CACCGCGGTTAGACGAGAGGCCCAAGTTGACAGCCCCCGGCGTAAAGAGTGGTTAAGAAAACCTAAAACTAAAGCCGAACACTCTCAAGGCTGTTATACGCACCCGAGAGCAAGAAGCCCCCCTCACGAAAGTAGCTTTAATCATTCTGACTCCACGAAAGCTGAGGAA","169"
"OTU00211","OTU00211","Eukaryota","Metazoa","Chordata","Craniata","Actinopterygii","Actinopteri","Neopterygii","Teleostei","Euteleosteomorpha","","","Mugiliformes","","","","","Mugilidae","","","Chelon","","","CACCGCGGTTAGACGAGAGGCCCAAGCTGACAGCCCCCGGCGTAAGGAGTGGTTAAGTTAACCCCAACGTGACTAAAGTCGAACGCCCCCAAGACCGTTATACGTGTTCGGGGGTATGAAGCCCAACTACGAAAGTGGCTTTATCAACCTTGACCCCACGAAAGCTGTGGCC","172"
"OTU00212","OTU00212","Eukaryota","Metazoa","Chordata","Craniata","Actinopterygii","Actinopteri","Neopterygii","Teleostei","Euteleosteomorpha","","","Mugiliformes","","","","","Mugilidae","","","","","","CACCGCGGTTATACGAGAGGCCCAAGTTGACAGCCATCGGCGTAAAGAGTGGTTAAGTTAGCCCCAATATAACTAAAGTCGAACGCCCCCAAGACCGTAGTACGTCCTTCGGAGGTATGAAGCCCAACTACGAAAGTGGCTTTACCTTATACCACCAGAACCCACGACAGCCAGGGCA","178"
"OTU00213","OTU00213","Eukaryota","Metazoa","Chordata","Craniata","Actinopterygii","Actinopteri","Neopterygii","Teleostei","Euteleosteomorpha","","","Mugiliformes","","","","","Mugilidae","","","Chelon","","","CACCGCGGTTATACGAGGGGCTCTAGTTGACAGCCCCCGGCGTAAAGCGTGGTTAAGTTAACCCCAACATGACTAAAGCCGAACGCCTCCAATACTGTTATACGCATTCGGAGGTATGAAGCTCAACTACGAAAGTGGCTTTAAAATACCCGACCCCACGAAAGCTGTGAAA","172"
"OTU00214","OTU00214","Eukaryota","Metazoa","Chordata","Craniata","Actinopterygii","Actinopteri","Neopterygii","Teleostei","Euteleosteomorpha","","","Mugiliformes","","","","","Mugilidae","","","Chelon","","","CACCGCGGTTATACGAGAGGCCCAAGCTGACAGCCCCCGGCGTAAAGAGTGGTTAAGTTAACCCCAACATGACTAAAGCCGAACGCCTCCAATACTGTTATACGCATTCGGAGGTATGAAGCTCAACTACGAAAGTGGCTTTAAAATACCTGACCCCACGAAAGCTAAGATA","172"
